MJD,FREQUENCY,NPROFILES,FREQUENCY_ERR,FDOT,FDOT_ERR,AMPLITUDE,AMPSIG

54694.095137195545,0.0,220,1.3663873232871993,-1.2982423206308177e-12,0.0,0.2631758749485016,0.020351791754364967

54697.00474612148,-0.000754372320066875,250,1.4008342930083018,-1.2982423219699666e-12,0.0,0.24973157048225403,0.020412776619195938

54701.643938699075,-0.004492523041539038,359,2.0002640610528033,-1.2982423217156114e-12,0.0,0.16291414201259613,0.016385627910494804

54704.54489644907,-0.0045025935866416875,405,1.0529983285323397,-1.2982423217468696e-12,0.0,0.2320680022239685,0.014677847735583782

54707.45584257504,-0.00595887383847027,334,1.1003719180280314,-1.2982423212762008e-12,0.0,0.2685745656490326,0.016545254737138748

54712.083061773614,-0.008219940376084088,266,1.7761932724624785,-1.2982423214149902e-12,0.0,0.18189887702465057,0.017540646716952324

54715.0008815109,-0.007158970676940852,267,1.104039739630025,-1.2982423214707067e-12,0.0,0.27970439195632935,0.018139740452170372

54717.922524166155,-0.009392808947549736,267,1.0811395156906656,-1.2982423212242612e-12,0.0,0.30736202001571655,0.01842554099857807

54722.52988886731,-0.011617622184023112,93,1.8956993130814226,-1.2982423219545404e-12,0.0,0.22256986796855927,0.03250911086797714

54725.43948175349,-0.012105127983984262,243,1.4760038880012871,-1.2982423216377722e-12,0.0,0.2039402276277542,0.019059963524341583

54728.349497688585,-0.014381724241542944,164,2.140422310503709,-1.2982423214180598e-12,0.0,0.2694016993045807,0.023136382922530174

54732.99045193879,-0.015632274374701906,194,2.0002931933049695,-1.2982423210357043e-12,0.0,0.17266839742660522,0.020450381562113762

54735.91087864773,-0.01602593351382099,244,1.6458426443932694,-1.2982423216047942e-12,0.0,0.18560022115707397,0.01885971613228321

54738.831207531526,-0.019076547031424147,230,1.6907263500343106,-1.2982423212084226e-12,0.0,0.2029157131910324,0.019665900617837906

54743.426807452866,-0.02295688236519272,238,3.4963167649948446,-1.2982423215113087e-12,0.0,0.14171822369098663,0.0187524501234293

54746.3403857866,-0.02255253859506061,274,1.298267164884237,-1.2982423211627587e-12,0.0,0.26854565739631653,0.017639588564634323

54749.25766213414,-0.0227597413490828,299,1.3948559285381634,-1.2982423214461529e-12,0.0,0.2801005244255066,0.017590787261724472

54753.87514324896,-0.024626374369188134,355,1.4425174299503851,-1.2982423214640384e-12,0.0,0.23295079171657562,0.015568693168461323

54756.78796180699,-0.02404140034775431,349,0.8635383608179836,-1.2982423214596565e-12,0.0,0.2915026545524597,0.01647290214896202

54759.69363882576,-0.02496350618891505,330,0.8766807013671496,-1.2982423214480837e-12,0.0,0.3143869638442993,0.017183471471071243

54767.25175176396,-0.029819551124987242,249,2.5665914904493548,-1.2982423214140037e-12,0.0,0.1860581338405609,0.01931667886674404

54770.140639257705,-0.030081213210360943,223,2.418281894733809,-1.2982423215266042e-12,0.0,0.17818766832351685,0.021199889481067657

54774.79368971116,-0.03012573273410077,233,2.8949102670594584,-1.2982423215161445e-12,0.0,0.11840744316577911,0.019250767305493355

54777.67949068559,-0.033092054450509056,271,1.695560598591328,-1.298242321585875e-12,0.0,0.16209542751312256,0.01743030920624733

54780.59575288488,-0.03280352623726248,255,3.1189429705591465,-1.2982423214308942e-12,0.0,0.12179194390773773,0.017355801537632942

54785.24198975612,-0.03454262675098023,243,1.9236127002386638,-1.2982423212504158e-12,0.0,0.1386307030916214,0.016995461657643318

54788.124706723844,-0.03471674544005083,228,1.8346551655668009,-1.29824232126208e-12,0.0,0.14049766957759857,0.017930859699845314

54791.03337688605,-0.03791723272289735,222,2.140851336207561,-1.2982423215482923e-12,0.0,0.17230640351772308,0.01958906278014183

54809.02272540748,-0.04413316998558893,349,2.5016461790983158,-1.2982423216522505e-12,0.0,0.14172165095806122,0.015848886221647263

54819.56821538935,-0.04691930107214668,175,2.0926674437760084,-1.2982423214359712e-12,0.0,0.1600566953420639,0.02305707335472107

54843.287794721226,-0.05876434889280812,240,3.0471679224319814,4.74577747224843e-12,0.0,0.12405484169721603,0.019265253096818924

54853.725156561806,-0.043839773641124645,230,3.3380419495188107,4.74577747243465e-12,0.0,0.13033731281757355,0.021751681342720985

54871.916499310275,-0.008155655812127766,292,2.4034702050812484,4.745777472139505e-12,0.0,0.1406208723783493,0.01809324324131012

54874.615367493425,-0.0069066516676310275,249,2.275269110896261,4.4664102203915045e-12,0.0,0.13731637597084045,0.019864194095134735

54882.147032214976,-0.016877597581646607,260,1.6781189060566248,-2.1728697804527028e-12,0.0,0.16332845389842987,0.017865635454654694

54885.0567652088,-0.023055733122391408,247,1.9067775269832055,-2.172869780744945e-12,0.0,0.12362543493509293,0.018029576167464256

54892.59739117468,-0.026333648311939406,266,2.285975568838694,-2.1728697802969137e-12,0.0,0.12748904526233673,0.017222506925463676

54913.504846616146,-0.03455383023535996,348,3.0252843430389476,-2.1728697801773942e-12,0.0,0.10029038041830063,0.015942519530653954

54916.394381893726,-0.039645388497463414,390,2.5015461346811207,-2.1728697809838125e-12,0.0,0.08921752125024796,0.01484963484108448

54923.94499090167,-0.039702040663724215,295,1.1009672817863247,-2.172869780929654e-12,0.0,0.31796395778656006,0.017910413444042206

54934.42668164583,-0.048492399247098895,244,1.7053504564046307,-2.172869781459869e-12,0.0,0.1794406920671463,0.019818687811493874

54941.927098650485,-0.054158506448411706,266,1.6916563083668734,-2.1728697817137376e-12,0.0,0.11706086248159409,0.017565282061696053

54944.847501619886,-0.055649399883439955,267,1.102849722656174,-2.172869780609297e-12,0.0,0.23352140188217163,0.017416048794984818

54947.732361994305,-0.062119970775926805,228,0.5388574919606981,-2.1728697808643936e-12,0.0,0.36662760376930237,0.01867794618010521

54952.36629716963,-0.07139565304915207,246,3.2458981991112523,-2.1728697810344208e-12,0.0,0.162019282579422,0.01839841529726982

54955.27082152693,-0.0708394426503102,247,1.2635256041448883,-2.1728697810967328e-12,0.0,0.21265949308872223,0.018418332561850548

54973.26373224338,-0.08677387108120263,339,2.463769135374605,-2.1728697807117985e-12,0.0,0.10818846523761749,0.015582396648824215

54976.162051725856,-0.08630776496696203,275,2.2538823429840704,-2.1728697810545546e-12,0.0,0.12676040828227997,0.018926633521914482

54979.07319432641,-0.0868101696770929,260,2.5757455546226993,-2.1728697813605783e-12,0.0,0.15032030642032623,0.01874549314379692

55017.976853367734,-0.10258887725462025,273,2.1659270998952707,-2.172869782100592e-12,0.0,0.22924508154392242,0.01808413490653038

55020.876874806,-0.10546898806648865,297,0.8053090283510755,-2.172869779759953e-12,0.0,0.37795236706733704,0.017453424632549286

55025.513132147964,-0.10832543541462358,295,2.2372086050381768,-2.1728697808787973e-12,0.0,0.13771271705627441,0.017625002190470695

55028.398233001455,-0.10944054912640226,339,0.7369697385684049,-2.1728697817236335e-12,0.0,0.3972231149673462,0.01723254658281803

55031.30949568738,-0.11175854264459477,305,0.8518336613860811,-2.172869780646616e-12,0.0,0.40999332070350647,0.017806198447942734

55041.77953845155,-0.11892070437489705,255,1.899416446349278,-2.172869780672375e-12,0.0,0.12850992381572723,0.018292881548404694

55046.4257744519,-0.1223174470017858,265,2.4221768057941517,-2.1728697804835387e-12,0.0,0.14649711549282074,0.018907712772488594

55049.29529966119,-0.1220631671401104,247,1.1753348161391841,-2.1728697811806237e-12,0.0,0.27569013833999634,0.019439272582530975

55052.20515306831,-0.12478351544023158,219,1.5689012400343927,-2.172869781774343e-12,0.0,0.25935307145118713,0.02051553688943386

55056.84608325213,-0.1303218066476931,252,2.836006274264946,-2.1728697814565252e-12,0.0,0.11786400526762009,0.019268617033958435

55059.78995788648,-0.1284692612914074,216,2.061745618675559,-2.1728697781044998e-12,0.0,0.1565266251564026,0.020890582352876663

55062.6528683262,-0.1318968026525786,200,3.776611663397489,-2.172869782385719e-12,0.0,0.15531150996685028,0.02214002050459385

55083.54802953061,-0.14511280129348023,338,1.6013555637073296,-2.1728697818312417e-12,0.0,0.20036759972572327,0.017084207385778427

55091.1074968012,-0.14890010671988063,256,1.4370317558132228,-2.172869780861387e-12,0.0,0.17292532324790955,0.02005688287317753

55098.6368948131,-0.15758307127793356,230,2.36531661812478,-2.172869779697885e-12,0.0,0.1607215851545334,0.019545355811715126

55101.53448235678,-0.1581549696048771,259,0.693453472422334,-2.1728697808946515e-12,0.0,0.4002454876899719,0.018084300681948662

55111.981231938145,-0.1645980409455385,228,1.22006085234716,-2.1728697812925532e-12,0.0,0.35214337706565857,0.019166847690939903

55132.87616172748,-0.17154543726876803,369,1.7813680130984721,3.738048027549282e-12,0.0,0.17728565633296967,0.01706569828093052

55161.35910428167,-0.1575248541467473,217,2.813161472658976,-1.7059145671377953e-12,0.0,0.13174501061439514,0.020696086809039116

55164.218056882615,-0.16046058039612865,224,2.206188582931645,5.139328819817563e-13,0.0,0.21036332845687866,0.019617624580860138

55188.02756200077,-0.13526477807595788,328,3.002779465077765,5.358367625642991e-12,0.0,0.11609680950641632,0.017182033509016037

55192.68021205123,-0.12726244348970983,289,2.230863458407839,5.358367626232241e-12,0.0,0.14099273085594177,0.016552675515413284

55195.5644991319,-0.11798613619621358,256,1.4592824015835504,5.358367626070897e-12,0.0,0.1793433129787445,0.01700693368911743

55198.46928438694,-0.10808569624703192,272,0.9395483147045525,5.358367626096973e-12,0.0,0.275811105966568,0.016070108860731125

55203.1153568443,-0.09693696953019908,263,1.411019212582687,5.358367627292187e-12,0.0,0.193704292178154,0.015273853205144405

55206.0247611166,-0.09431029815864504,254,1.2550169969927083,5.358367625916822e-12,0.0,0.20841790735721588,0.016438106074929237

55208.94508321435,-0.08852507209941587,263,2.09922447425015,5.358367625216915e-12,0.0,0.16724418103694916,0.017509570345282555

55216.47366056424,-0.08939853878784322,263,1.6182639228645712,5.358367630701839e-12,0.0,0.18328306078910828,0.015441634692251682

55219.36492662773,-0.08205833880726983,260,1.1582305603496934,5.3583676259149015e-12,0.0,0.2534269392490387,0.015843670815229416

55224.01818654139,-0.07501642838858041,278,1.8384682221039839,5.358367624446634e-12,0.0,0.17619644105434418,0.016174882650375366

55226.89942217685,-0.06955309708886924,259,1.555210502601767,5.3583676286266685e-12,0.0,0.20278263092041016,0.01818733476102352

55229.808184463356,-0.06444787074188228,273,1.9554005348254577,5.3583676265972964e-12,0.0,0.18834593892097473,0.016944527626037598

55234.45580253991,-0.05569597871336108,351,2.1984889997384016,5.3583676295849056e-12,0.0,0.15256249904632568,0.016375457867980003

55237.34835390331,-0.05188293573389707,380,1.7922744177667482,5.35836762681594e-12,0.0,0.14968104660511017,0.016188977286219597

55240.2574434938,-0.050719175830503296,354,1.8478199592664168,5.358367627722889e-12,0.0,0.160345658659935,0.017281783744692802

55244.94617109597,-0.04466097648526432,316,2.087736987732569,5.358367625954371e-12,0.0,0.11810429394245148,0.015019543468952179

55247.79360192856,-0.04380754948960541,310,1.9302891018924129,5.35836762890536e-12,0.0,0.16258859634399414,0.015132173895835876

55250.70477847524,-0.039262687632642436,294,1.2129770254887262,5.35836762794242e-12,0.0,0.20775996148586273,0.0148398382589221

55255.35149097469,-0.028436527124625036,269,1.8115839850452176,5.3583676273260466e-12,0.0,0.17894095182418823,0.015421752817928791

55258.23631589919,-0.02493252918392472,241,1.2844219554608571,5.3583676279678305e-12,0.0,0.22785671055316925,0.01743120141327381

55261.14643343179,-0.016752498236426945,231,0.9578019444234087,5.3583676259613795e-12,0.0,0.2628418803215027,0.016321539878845215

55265.795455066436,-0.006262703662825914,238,1.8246008437472483,5.358367627451909e-12,0.0,0.18827752768993378,0.016871770843863487

55268.691704763056,-0.001612640178167038,243,0.989139579132825,5.3583676291341325e-12,0.0,0.24617114663124084,0.016830308362841606

55271.61177463157,0.007186749331571958,257,0.9832574221491086,5.358367626714924e-12,0.0,0.26380419731140137,0.016252104192972183

55276.258135993805,0.01879451017079413,266,1.1288003065601515,5.358367625279139e-12,0.0,0.24056541919708252,0.016053007915616035

55279.131938502775,0.02811918917761149,296,0.7034375215653199,5.3583676285881e-12,0.0,0.3228236138820648,0.01519102044403553

55282.04793699568,0.03937472543851608,300,0.5949036108177097,5.358367626500465e-12,0.0,0.31931814551353455,0.014961261302232742

55286.69332121103,0.05308633965030644,333,0.8047556576684656,5.358367628285924e-12,0.0,0.28179025650024414,0.014413840137422085

55289.60010639095,0.05979037880686354,349,0.6861181844897146,5.358367625144485e-12,0.0,0.3535575866699219,0.01470245886594057

55292.486026298146,0.0686496626984122,389,0.8623788261274967,5.358367628327633e-12,0.0,0.29770153760910034,0.015077047981321812

55297.13987129695,0.0785132469996594,351,1.6009889236556774,5.3583676286135516e-12,0.0,0.19361211359500885,0.014777152799069881

55300.02821579247,0.08221481141151835,303,1.2743579702600982,5.3583676263419254e-12,0.0,0.22123539447784424,0.015180353075265884

55302.95036750721,0.08700012434027622,293,1.1083916717780085,5.358367630368779e-12,0.0,0.24792711436748505,0.014996841549873352

55307.5973362443,0.09316199730199375,267,1.8249220090638119,5.358367622945452e-12,0.0,0.17365239560604095,0.015689248219132423

55310.46665631326,0.09856099934483697,251,1.9450860122560698,5.358367622357754e-12,0.0,0.1631503403186798,0.016839059069752693

55313.377108945395,0.10194945502678815,230,2.907874545599043,5.3583676281779635e-12,0.0,0.1058509424328804,0.017981240525841713

55318.04068147743,0.10678244286378775,231,1.9067712742071308,5.358367627445051e-12,0.0,0.1558828204870224,0.016856111586093903

55320.955760597244,0.1132812576095244,213,0.6274139252582245,5.358367628167535e-12,0.0,0.3673364520072937,0.016627294942736626

55323.82673632817,0.12329187055324059,239,0.67358328692535,5.358367628369378e-12,0.0,0.38135266304016113,0.016875192523002625

55328.50907939173,0.1364453788725124,238,0.9707608228382014,5.3583676249263916e-12,0.0,0.29826536774635315,0.018454251810908318

55331.36249895059,0.14436985595900448,251,0.7891858189168488,5.358367626355997e-12,0.0,0.2997089624404907,0.01770586334168911

55334.27563602578,0.1500958433441347,285,0.7805370216829033,5.358367626108504e-12,0.0,0.3203381896018982,0.017079805955290794

55338.940125862326,0.15724866181346098,284,3.108790735950606,5.3583676260579e-12,0.0,0.12905924022197723,0.018793178722262383

55341.80843599963,0.15925942890329675,346,2.914326557856839,5.3583676266355204e-12,0.0,0.09838573634624481,0.014444519765675068

55344.717113175,0.16430793720753384,375,1.6969303828773263,5.35836762843353e-12,0.0,0.18735483288764954,0.01349503081291914

55365.61623042331,0.1925574007821178,248,1.933390052499817,-4.7014382901546313e-23,0.0,0.13105817139148712,0.015792740508913994

55380.717153934514,0.190171120798587,236,2.601493633846985,-3.482077077838485e-21,0.0,0.1368626058101654,0.016262751072645187

55383.61673961852,0.19038732424006258,255,1.331922874214797,1.4681221455777422e-21,0.0,0.20899681746959686,0.015532203018665314

55386.52517457653,0.1904634819316673,287,1.6125939339417528,-2.4608697108468866e-21,0.0,0.21457889676094055,0.015425706282258034

55391.16503829107,0.18837552458597231,282,1.9714221366484708,1.7008095012896024e-21,0.0,0.2130427360534668,0.01694595068693161

55394.04520614868,0.18719721761360275,308,0.6518443740333169,-3.166794998387283e-22,0.0,0.40368279814720154,0.01628214120864868

55396.95335334243,0.18521766956083904,379,2.386780693086621,3.204614769938462e-22,0.0,0.09977516531944275,0.014951671473681927

55404.489680287916,0.18131117625835255,317,2.9370201559686393,9.072762571131785e-22,0.0,0.13642384111881256,0.016122763976454735

55407.40331788699,0.1807514153556838,291,3.931415903934976,2.2271269686386572e-21,0.0,0.0998334288597107,0.016418853774666786

55425.38954406234,0.18247532801188765,229,2.696027934234735,8.100901949125002e-12,0.0,0.13671374320983887,0.018828265368938446

55428.29992091428,0.185596889969717,246,1.434316345694242,5.358367627714983e-12,0.0,0.23448583483695984,0.017258116975426674

55432.957810491236,0.1915272464820548,248,1.9895858827112534,5.358367627021837e-12,0.0,0.16932685673236847,0.016997080296278

55435.8446976369,0.19565469684923714,251,1.2602079380030773,5.358367625656572e-12,0.0,0.2220132201910019,0.01806970313191414

55438.76595912302,0.20620472820135496,249,0.9401474443393454,5.358367624974451e-12,0.0,0.2500837743282318,0.016927998512983322

55443.418647164355,0.22147216048002746,310,1.0193645749723146,5.358367624967689e-12,0.0,0.2540883421897888,0.015181249007582664

55446.2859597758,0.22927855529726618,350,0.9740283957171414,5.358367629491046e-12,0.0,0.24850808084011078,0.014040663838386536

55449.19351235558,0.2357399383382042,371,0.8304644438794639,5.358367625633383e-12,0.0,0.27901849150657654,0.013326018117368221

55453.85459837741,0.24457403349254975,374,1.3701314571790135,5.358367626828548e-12,0.0,0.18579503893852234,0.014463184401392937

55456.732598266644,0.25510906188883914,318,1.1742916683488147,5.358367627597283e-12,0.0,0.2228592336177826,0.01672840490937233

55467.1832401616,0.25626011865883297,248,2.5873785602925636,5.358367624137896e-12,0.0,0.1156635731458664,0.017362143844366074

55480.54060144441,0.2887731836594709,255,1.1218374851296176,5.358367627014825e-12,0.0,0.19254298508167267,0.01605062372982502

55485.20054213425,0.292907933664019,251,3.7137442632229067,5.358367627102474e-12,0.0,0.12199338525533676,0.018734553828835487

55488.087696328956,0.2925238218712659,260,2.31101509484688,5.358367626072829e-12,0.0,0.12142293900251389,0.016662586480379105

55491.00725517437,0.29131883416995896,256,1.6176001338408241,5.358367624802221e-12,0.0,0.17828205227851868,0.01699092797935009

55495.65176427456,0.2873316520158297,287,2.881419902678317,-8.351937740957986e-22,0.0,0.11172052472829819,0.015810266137123108

55498.52394500171,0.28999126584408746,332,1.3275989374506025,2.27205593028112e-21,0.0,0.21543575823307037,0.015454202890396118

55501.44023773458,0.28974735507566246,357,0.8129764950126628,2.82519460046994e-21,0.0,0.2753676474094391,0.013892830349504948

55506.11627448965,0.290671715010984,356,1.5684157972373214,1.7375138405688923e-21,0.0,0.15485577285289764,0.014236914925277233

55508.99593541552,0.2902346617709337,357,1.4521592106575554,-1.1642806528008625e-21,0.0,0.1505843847990036,0.014528884552419186

55511.87891686572,0.2887222935807578,314,1.034764025575896,1.663001783101662e-21,0.0,0.2615257799625397,0.015254223719239235

55516.54376908692,0.2878478312420719,292,1.6678443159889866,-1.990745215102864e-21,0.0,0.17087841033935547,0.015938015654683113

55519.42495006361,0.2892463048593666,267,1.0341587852735756,-1.6900426438647096e-21,0.0,0.26310351490974426,0.015951603651046753

55522.34530963868,0.2892344325770472,216,0.8536758144828127,-1.1259121632500361e-21,0.0,0.3146201968193054,0.016727307811379433

55526.991513876506,0.2894692480051568,218,1.5170897427196905,1.4194694741253626e-21,0.0,0.19705606997013092,0.015890508890151978

55529.86543657711,0.2918350196367274,235,0.6845319688864038,-3.246464020007111e-22,0.0,0.405874103307724,0.01680058427155018

55532.77542205296,0.2921613034688809,231,0.5892151833108983,-1.87903174514591e-21,0.0,0.44167762994766235,0.016292650252580643

55537.43908487068,0.2896491611160994,226,2.294271723712882,-2.0789110871647645e-21,0.0,0.15176254510879517,0.016400175169110298

55540.348257330304,0.2862079259625339,255,2.7527701718099706,-8.666121331413462e-22,0.0,0.09096294641494751,0.015279030427336693

55558.33368127833,0.28961002001044267,379,2.967905743389565,-1.8486368324112663e-12,0.0,0.08344244211912155,0.012823876924812794

55564.116092582386,0.28468876872201204,332,2.1624633461669873,-1.848636833920661e-12,0.0,0.10778044909238815,0.013310044072568417

55574.58584921931,0.27933690530492217,255,2.539719048400002,-1.848636835405444e-12,0.0,0.10120590776205063,0.016638953238725662

55579.2313826319,0.2738409439716552,248,1.7764870108294417,-1.8486368333014036e-12,0.0,0.11150103807449341,0.016004588454961777

55582.11588341558,0.2755756240768331,251,0.9238927134447295,-1.8486368312446323e-12,0.0,0.27474313974380493,0.015966439619660378

55585.00993382688,0.2742557124962645,252,1.8104096000115533,-1.8486368305092316e-12,0.0,0.1495695561170578,0.0159592404961586

55595.459773133065,0.2675558096675175,242,1.400513838234474,-1.848636832160935e-12,0.0,0.2100270688533783,0.01668785884976387

55610.57733597046,0.2615986976664287,373,1.9515286453497538,-1.848636829843954e-12,0.0,0.12219101935625076,0.013771782629191875

55613.43764774368,0.261356354228565,401,1.2982192743038468,-1.8486368336387894e-12,0.0,0.20973414182662964,0.013107521459460258

55623.90479221743,0.25299059257472384,296,1.7575466415564733,-1.8486368314685018e-12,0.0,0.13206757605075836,0.015141429379582405

55644.77411809732,0.23647109523800988,240,1.7491353787590924,-1.8486368321129534e-12,0.0,0.1426514983177185,0.01891130767762661

55655.22533602303,0.2280280461825785,259,2.6626580051924975,-1.8486368302543178e-12,0.0,0.19361194968223572,0.01699228584766388

55665.667241528936,0.2255735749576809,364,1.648943026566485,-1.8486368293618703e-12,0.0,0.19085276126861572,0.02554464153945446

55673.25076270545,0.21044505918014583,278,1.9410616403092718,-1.8486368299540464e-12,0.0,0.11409801989793777,0.016785362735390663

55699.91717370572,0.20065152222739588,208,2.7682298764375446,-1.848636839365097e-12,0.0,0.12015119194984436,0.01671387255191803

55704.613476095066,0.20129471003747407,252,2.4932992914727947,-1.8486368309248543e-12,0.0,0.1024920865893364,0.015745043754577637

55707.46074979758,0.20266718512459017,247,5.333903345672297,-1.8486368320172246e-12,0.0,0.13992860913276672,0.015966929495334625

55710.4014323047,0.20402244790642146,123,6.052966909919633,-1.8486368285530766e-12,0.0,0.18018107116222382,0.02654562145471573

55715.04087067796,0.2023079733370926,330,2.158850946898383,-1.848636827180169e-12,0.0,0.14179407060146332,0.014527663588523865

55717.898605095324,0.20129930880401145,362,2.1835374752754433,-1.848636825555148e-12,0.0,0.10552866756916046,0.014270665124058723

55738.79439204257,0.1914042917372804,273,2.322128267451262,-1.8486368307865326e-12,0.0,0.13182546198368073,0.014946010895073414

55741.71390627535,0.18833897110046655,221,2.6814595344148984,-1.8486368309780774e-12,0.0,0.13297681510448456,0.01741197519004345

55746.38844386484,0.1846079322424455,239,2.3843188046157593,-1.8486368281282067e-12,0.0,0.1801016628742218,0.017836716026067734

55749.24733168581,0.1845364650656629,248,0.9669157208236356,-1.8486368348457304e-12,0.0,0.33906102180480957,0.017318038269877434

55759.71039341384,0.18331565911917236,284,3.4279227634215204,7.367755483753347e-12,0.0,0.10224776715040207,0.01600075699388981

55762.62517839072,0.18612458011193983,275,1.4226243649773096,7.367755486530673e-12,0.0,0.21203383803367615,0.016877099871635437

55767.273130398426,0.19470215017342937,338,2.4270281073768274,7.367755493180096e-12,0.0,0.14459910988807678,0.017010556533932686

55770.15757723093,0.197114257038078,391,1.2940760996116296,7.36775548673475e-12,0.0,0.2077512890100479,0.01400904543697834

55773.046797986644,0.20390345158196768,383,1.1869961014099317,7.367755484310761e-12,0.0,0.20452944934368134,0.01321739424020052

55777.7212875169,0.2188387339864382,295,1.0796318150596562,7.367755486830803e-12,0.0,0.24212521314620972,0.016108885407447815

55780.60676298632,0.22695802798522974,293,0.881984192346863,7.367755489812044e-12,0.0,0.26878708600997925,0.016076695173978806

55783.49377767428,0.2363027153825701,288,0.7226687159800349,7.367755487012506e-12,0.0,0.3213712275028229,0.015338604338467121

55788.17326507474,0.2496030148965018,254,1.4076724141887098,-1.3395919083066384e-12,0.0,0.24196623265743256,0.01650751568377018

55791.03364467498,0.25506094297261184,238,0.7621579811711854,-1.3395919090692933e-12,0.0,0.32110700011253357,0.01740659587085247

55793.945928788446,0.24724844141216537,250,2.4962849920484587,-1.3395919096506474e-12,0.0,0.12066838145256042,0.01692437008023262

55804.3900039603,0.24018621138278753,248,2.9567249271167384,-1.3395919089604881e-12,0.0,0.12170512229204178,0.016238467767834663

55814.98424190366,0.2332178383354388,271,2.9216280950095097,-1.3395919040690885e-12,0.0,0.112538643181324,0.01680082269012928

55829.978451190276,0.22161562531916143,323,3.183457693012315,-1.3395919040805478e-12,0.0,0.09197055548429489,0.014335082843899727

55832.83577797426,0.22065058697554424,304,1.2086837841707165,-1.3395919060379457e-12,0.0,0.2664419710636139,0.016208132728934288

55840.41141533481,0.21648305966857923,281,3.2405515071332047,-1.3395919048629135e-12,0.0,0.14822456240653992,0.015839504078030586

55843.271370534516,0.2182233596579402,286,2.712499167500937,-1.3395919066915194e-12,0.0,0.0986451730132103,0.01580561138689518

55853.74261707456,0.21202864658585768,210,1.3441025714655552,-1.3395919075259092e-12,0.0,0.20506325364112854,0.018229655921459198

55856.62825259894,0.21148013722861012,252,1.4652026436579035,-1.3395919059643077e-12,0.0,0.16219517588615417,0.01594974845647812

55874.613003912804,0.2003808057168622,318,2.738249236244883,-1.3395919012192523e-12,0.0,0.11685533821582794,0.01580328866839409

55885.06484318033,0.20643240231891644,286,1.917255332273271,-1.339591903006762e-12,0.0,0.16013921797275543,0.016809219494462013

55887.98753915357,0.20415847350579072,254,1.4303692807970947,-1.3395919010633795e-12,0.0,0.1397804319858551,0.01604285091161728

55917.002697658034,0.19465271244158264,217,1.3387881381277111,-7.47118272382844e-22,0.0,0.244495689868927,0.01736568659543991

55919.31931115484,0.2015587820293405,252,0.9613914642159216,-5.098901858847091e-22,0.0,0.2865048348903656,0.016692636534571648

55924.00368595065,0.21071137799173026,251,1.0765034375026516,8.437571177770697e-22,0.0,0.2846343219280243,0.018516579642891884

55926.855346814744,0.21200657564366848,292,1.7118318851316872,2.077675889408994e-22,0.0,0.17401523888111115,0.016208237037062645

55929.77701095395,0.20929382648992778,347,2.1210301781593444,8.0588287597442425e-22,0.0,0.14567141234874725,0.015164942480623722

55934.44073868147,0.21161417082093298,359,3.979631060246902,-1.7351626875296997e-21,0.0,0.08779019117355347,0.0147728081792593

55937.296056392595,0.2091664714353039,313,1.208445752354237,-1.2227635028706407e-22,0.0,0.2156214714050293,0.01512757409363985

55940.21199349632,0.20934548291799232,264,1.1863169646630922,-4.286324749118242e-21,0.0,0.26854363083839417,0.017807183787226677

55944.9092662966,0.20924335107945463,263,2.4421831312793074,3.603798066285879e-21,0.0,0.1257905662059784,0.01704747974872589

55947.76190889318,0.2112018697320178,227,1.4579703133676958,1.1513150821086461e-22,0.0,0.2516564130783081,0.01892220973968506

55955.348297615674,0.20463219060009186,232,2.1906299707552535,6.105295626770248e-22,0.0,0.118324413895607,0.016822120174765587

55958.192172989075,0.20378331704171337,248,0.8708837384574508,-1.9231265676360916e-21,0.0,0.21270228922367096,0.016148224472999573

55961.100388627405,0.20255157655993386,231,1.2477900668272923,-2.624571659931842e-22,0.0,0.1512642800807953,0.016207505017518997

55965.80265877065,0.19812984062663477,223,2.483847936218808,-5.571295514704077e-22,0.0,0.15103280544281006,0.017789622768759727

55968.65501599153,0.19604821182728555,233,2.0630005792554584,-2.6071615221316965e-21,0.0,0.12116257846355438,0.017735611647367477

55971.594013437396,0.1950243620506751,240,2.8323654532869114,9.903198222013412e-21,0.0,0.10238887369632721,0.017897453159093857

55976.23999132859,0.18634935341630085,263,3.608435577007185,-2.869684317775124e-21,0.0,0.11284589767456055,0.01796216145157814

56020.86438748757,0.15692904318784429,242,1.7166564703074982,2.1370863509271267e-21,0.0,0.23727048933506012,0.017942171543836594

56031.31238684468,0.16122090931776034,302,2.06630076604597,1.429161091402697e-21,0.0,0.11616509407758713,0.015625692903995514

56034.220881241876,0.1713567069976573,340,2.731575818870624,2.4558304368729487e-21,0.0,0.0896618440747261,0.014008927159011364

56038.91409190002,0.17452117032724387,365,1.2727993237149349,2.7163536015817222e-21,0.0,0.20546932518482208,0.014017862267792225

56041.75962233833,0.17521371369847724,334,1.0366856884047593,3.0759679657126424e-21,0.0,0.23906126618385315,0.015168056823313236

56044.68188993815,0.17641079812329596,296,1.1564281265918908,-8.731540040518575e-21,0.0,0.2549249231815338,0.016055159270763397

56049.36919691213,0.17642156036576329,269,1.5026125765871257,-3.5835608604439874e-21,0.0,0.19655141234397888,0.016057105734944344

56052.2168096434,0.18041240770283898,237,0.8219986113999767,-1.830264692737168e-21,0.0,0.3083263337612152,0.01686875708401203

56055.110635681995,0.18573111124136513,197,1.049818862952634,-5.985118941056164e-22,0.0,0.31271296739578247,0.01903694123029709

56059.80897641419,0.1881090790332627,216,1.7298812338140124,3.7779934213615716e-21,0.0,0.23643386363983154,0.018819259479641914

56062.66069305576,0.18899996867719407,221,1.054978611136903,4.216086426702295e-21,0.0,0.2624572217464447,0.016756359487771988

56065.61513519458,0.1886857747280146,194,1.0514251158610932,-5.0208894907458e-21,0.0,0.342496395111084,0.018744470551609993

56070.28939185817,0.190881352230999,188,1.2875148058810737,2.1567429721076205e-12,0.0,0.25314056873321533,0.017925335094332695

56073.098057624054,0.192258893782399,198,0.9570965175953461,2.156742973438296e-12,0.0,0.3039693534374237,0.01802010089159012

56076.012227946136,0.19352498465149826,242,0.6349017667162116,2.1567429783539747e-12,0.0,0.39398208260536194,0.016596224159002304

56080.7091453909,0.19481580812340885,250,1.3252045505396381,2.1567429732449e-12,0.0,0.22995691001415253,0.015835342928767204

56083.55272200396,0.19563236184402924,260,0.8625425351738158,2.1567429681863817e-12,0.0,0.3037911057472229,0.01643357053399086

56086.46564195535,0.19765163964275675,295,0.7509988364517994,2.156742963578324e-12,0.0,0.3581567406654358,0.01598224975168705

56091.14333580349,0.19934483211037035,334,1.3572417856266838,2.156742967400513e-12,0.0,0.24659816920757294,0.015541153959929943

56093.98964236169,0.19932084415125326,342,0.7973162752250573,2.15674296587487e-12,0.0,0.28936436772346497,0.01484175305813551

56096.896933653006,0.20073389762114788,236,1.3421771427601925,2.1567429702689393e-12,0.0,0.29338520765304565,0.017855413258075714

56101.59980498563,0.20184066198739234,260,1.755605580910924,2.156742967126117e-12,0.0,0.19218721985816956,0.016216987743973732

56104.45269343046,0.20247634525795538,247,0.7607418694988155,2.15674296770813e-12,0.0,0.31448179483413696,0.015800712630152702

56107.37117284368,0.20494797404485282,236,0.8005337548411262,2.156742971541845e-12,0.0,0.30914559960365295,0.016353292390704155

56112.04489760278,0.20724390590804945,171,1.3934582909769233,2.1567429717066544e-12,0.0,0.2450491338968277,0.020881811156868935

56114.887369931675,0.2106287574235604,191,1.248319705382528,2.1567429732892015e-12,0.0,0.24992215633392334,0.019378002732992172

56117.80394665066,0.21102454876900215,239,1.202859465365691,2.1567429650356915e-12,0.0,0.24043449759483337,0.016221044585108757

56122.49091864875,0.21179091924297183,243,2.3887406541689415,2.156742973393929e-12,0.0,0.16461020708084106,0.016879107803106308

56125.342228806505,0.21530231918211773,252,0.7631864207269246,2.1567429727425757e-12,0.0,0.33921018242836,0.016565322875976562

56128.25970783943,0.2215631277585414,259,0.801151500695596,2.1567429686387214e-12,0.0,0.3506067991256714,0.01631714403629303

56132.86970485826,0.22926625937957548,266,1.280428278960244,2.156742970913096e-12,0.0,0.2455490082502365,0.01663374714553356

56135.78068664989,0.23043347367396652,260,1.1756753082181604,2.1567429735506653e-12,0.0,0.22685275971889496,0.017331281676888466

56138.68970617192,0.23138947528918474,311,1.2865706366937957,2.1567429729221102e-12,0.0,0.21416670083999634,0.014895687811076641

56143.317353531136,0.23277858976433302,391,1.4972037831739726,2.1567429721786962e-12,0.0,0.14749710261821747,0.01304622646421194

56146.22910278683,0.23473174961083054,370,1.5330202529639791,2.156742968670879e-12,0.0,0.1502266377210617,0.014265293255448341

56149.158947189586,0.23480928269574525,349,1.0475865508396964,2.156742964961407e-12,0.0,0.23931242525577545,0.013974182307720184

56153.76510147628,0.2431398191752343,310,1.180739630513017,2.1567429679057203e-12,0.0,0.259765088558197,0.015009853057563305

56156.67584626845,0.24663307412603197,286,0.8105335069785724,2.156742966866427e-12,0.0,0.30581504106521606,0.015136387199163437

56159.58347658514,0.25264919496197535,255,1.0625424806676165,2.1567429763777316e-12,0.0,0.25748446583747864,0.015928851440548897

56164.214906050634,0.2577836833326639,284,1.712129034103782,2.1567429719306515e-12,0.0,0.17029784619808197,0.01477623637765646

56174.66079877479,0.2696954695333157,244,2.7256149337517854,2.1567429766601847e-12,0.0,0.10508009791374207,0.01610269770026207

56188.01803014848,0.2858060836332606,280,1.4509720358546474,-4.35367370132038e-12,0.0,0.1528281420469284,0.016701608896255493

56198.46800161127,0.2758431696403812,417,1.111786005481008,-4.353673695021209e-12,0.0,0.3107423782348633,0.028897764161229134

56201.37572300488,0.2689782933178299,380,0.8234967907583268,-4.3536736997690664e-12,0.0,0.22799602150917053,0.013874941505491734

56206.004392475115,0.2604096588759546,308,2.851746216947504,-4.353673699028293e-12,0.0,0.10524541884660721,0.01657409407198429

56208.92239005118,0.25671102627022374,276,2.0493909858032566,-4.353673693157655e-12,0.0,0.12115387618541718,0.01792394183576107

56211.83654038715,0.24974112393220688,270,2.9832463610546256,-4.35367369391419e-12,0.0,0.12318368256092072,0.016911501064896584

56219.36070016673,0.24697492112502453,273,1.8126142720120697,-4.353673694309401e-12,0.0,0.12127427756786346,0.015196566469967365

56222.272711260346,0.23963387474569223,258,2.2188808657119807,-4.3536736921938175e-12,0.0,0.13040991127490997,0.015352119691669941

56229.80781639799,0.2256507075475953,219,1.965500331380099,-4.353673699298798e-12,0.0,0.14175987243652344,0.018891168758273125

56240.291635299975,0.21041832290307783,264,2.4401086307079822,-4.353673698212031e-12,0.0,0.13283368945121765,0.01621861569583416

56271.62020311229,0.21605769693461171,237,1.958932500656374,4.018775718738303e-12,0.0,0.14951883256435394,0.017114749178290367

56274.534189555336,0.21617270881576037,219,0.980378587200903,4.018775718771818e-12,0.0,0.28356921672821045,0.016231782734394073

56282.06188582197,0.21499231516073475,235,1.372457774095892,-2.7425650596136772e-21,0.0,0.21905332803726196,0.016819218173623085

56284.97872755361,0.21949909960997635,211,0.697488573564442,-1.589480453833445e-21,0.0,0.35544466972351074,0.0179836954921484

56302.95035371685,0.22499055838431778,324,1.0996174637512013,-5.495955866150014e-22,0.0,0.2160308063030243,0.015912596136331558

56305.859633289794,0.21815847478546402,369,1.5272583198111533,4.658631479076575e-21,0.0,0.14220289885997772,0.014173611998558044

56313.38186547315,0.21451599212877837,291,3.06569262420453,-3.014081783807261e-12,0.0,0.12148933857679367,0.015925295650959015

56323.84074633861,0.2070168819063042,247,2.349817975755286,-3.014081794945081e-12,0.0,0.11378838866949081,0.016451522707939148

56326.75762208757,0.2004222716490777,241,0.7534836754530261,-3.0140817935917816e-12,0.0,0.22067466378211975,0.015387730672955513

56334.274740951645,0.1893195090279323,215,0.8500907000552616,-3.014081788569562e-12,0.0,0.2718368470668793,0.01908038929104805

56337.190072007965,0.1828712707919047,207,1.2224326439991273,-3.0140817995081473e-12,0.0,0.21445994079113007,0.01859915815293789

56355.167389093076,0.1709584539413681,396,2.5493420707789483,-1.339591857542025e-13,0.0,0.16512268781661987,0.024644067510962486

56376.05840044035,0.15862450452700988,222,2.5561635652593395,-1.3395918800258674e-13,0.0,0.14062920212745667,0.017694691196084023

56386.508170852336,0.15074329918382515,247,2.049281135896308,-1.3395918798173873e-13,0.0,0.19033263623714447,0.016788430511951447

56394.07363297329,0.14837446770428056,258,2.3247571334650274,-1.3395919597122496e-13,0.0,0.1356702595949173,0.01675243489444256

56407.396937355275,0.14610582048203943,329,0.9644048049040066,-1.339591892289587e-13,0.0,0.27323469519615173,0.014968502335250378

56410.30642507759,0.15355541624359337,373,2.0065508010702615,-1.33959191134721e-13,0.0,0.10129569470882416,0.013885711319744587

56414.94301174181,0.15117445207217678,341,1.7345513469990692,-1.339591933116293e-13,0.0,0.15104122459888458,0.015440949238836765

56417.857978547014,0.15213912348836656,310,1.4234437628601881,-1.3395919498411185e-13,0.0,0.1802724152803421,0.016219569370150566

56425.41913781193,0.14445929479358002,249,2.6993734536517877,-1.339591936197781e-13,0.0,0.174299418926239,0.01899372600018978

56428.33590590301,0.14613188964850993,239,0.3334749010264204,-1.3395918903516505e-13,0.0,0.6867439150810242,0.01859346218407154

56431.21910398085,0.14326557852772245,212,1.9836771514292195,-1.3395918426480714e-13,0.0,0.22500289976596832,0.02003869041800499

56438.74997041944,0.14149722747339824,231,1.218950274051167,-1.3395919233471473e-13,0.0,0.2160058617591858,0.015837697312235832

56441.658188142595,0.1431238079740909,240,1.5436856415362854,-1.3395918786802747e-13,0.0,0.23720218241214752,0.015729529783129692

56446.30859875692,0.14453562297245312,249,1.3894958783566835,-1.3395918887081935e-13,0.0,0.20679190754890442,0.015681399032473564

56449.18448217037,0.14671380102656878,246,0.7783656030824204,-1.3395918934843176e-13,0.0,0.29870593547821045,0.015768570825457573

56452.09414718863,0.14872364014845818,242,0.8965440656538703,-1.3395919078032654e-13,0.0,0.3218531608581543,0.01690938137471676

56456.72695843905,0.14980192198593437,299,1.4639316248121759,-1.3395918978292226e-13,0.0,0.18652072548866272,0.015352249145507812

56459.652485630824,0.1519946811642998,323,2.0750260887325567,-1.3395919217141176e-13,0.0,0.14402024447917938,0.014699023216962814

56462.542696903954,0.15095551493129286,323,2.133539283022401,-1.3395918973425755e-13,0.0,0.14625006914138794,0.0160154327750206

56467.17562115912,0.14746627096188616,353,1.6327206253663462,-1.3395919112432197e-13,0.0,0.17999416589736938,0.014693529345095158

56470.0779947253,0.1564817929826176,266,1.0900934199753465,-1.3395919248959526e-13,0.0,0.22191521525382996,0.01767793297767639

56483.436845480945,0.16320868636031222,264,1.1552292988881163,-1.3395919655683057e-13,0.0,0.16174201667308807,0.014364379458129406

56488.065511531895,0.1778176222289608,262,1.345583058309785,-1.3395919535165836e-13,0.0,0.2043382078409195,0.015712684020400047

56493.89752298799,0.17980974146787815,267,2.3959461259437376,-1.3395918679544616e-13,0.0,0.10609549283981323,0.015203174203634262

56501.42233869262,0.17546253970935993,237,1.003883340899847,-1.3395919013028397e-13,0.0,0.31284770369529724,0.017114076763391495

56525.28460215433,0.18315816409992464,233,2.1012928641539474,-1.3395919506144678e-13,0.0,0.1302635818719864,0.016202542930841446

56533.01183922926,0.1792199244087927,242,2.670285539352335,-1.3395918956565116e-13,0.0,0.09136641770601273,0.014770552515983582

56535.67800596604,0.1745771929953485,278,1.6346118059118453,-1.339591961469503e-13,0.0,0.17277497053146362,0.01423074584454298

56540.3035965175,0.16817712290587467,263,2.110458154902517,-1.3395918791672987e-13,0.0,0.12266185879707336,0.015554583631455898

56543.2188017759,0.16577193023529221,245,0.907476191969181,-1.339591904651926e-13,0.0,0.21386049687862396,0.015927227213978767

56546.133570465114,0.16237812051581754,241,0.9217443874831588,-1.339591861671691e-13,0.0,0.27251410484313965,0.01677122339606285

56564.107574783586,0.17955367357979116,314,0.7797081025273656,5.3583676207336926e-12,0.0,0.2635890245437622,0.013721655122935772

56567.01771419262,0.18737646184431545,331,0.6022816023687483,5.358367635410268e-12,0.0,0.3319507837295532,0.014332916587591171

56571.6481152822,0.19915533332521057,383,0.7488421260859468,5.358367629908572e-12,0.0,0.2555972635746002,0.01293130498379469

56574.565348252014,0.20606538711650987,365,0.5784495726857131,5.3583676335551496e-12,0.0,0.3511388599872589,0.014482496306300163

56577.465926643425,0.2159210148160931,301,0.61941250351083,5.35836762634402e-12,0.0,0.35086581110954285,0.01505894586443901

56582.148114490556,0.22742896357822537,282,1.3500005024980055,5.358367632890212e-12,0.0,0.26563799381256104,0.01907159388065338

56585.045802769004,0.23800728761186285,213,1.9968379660895152,5.358367624616361e-12,0.0,0.2850589454174042,0.03240657597780228

56587.91267507555,0.24015167641898497,211,1.727442935361978,5.358367621243026e-12,0.0,0.22370612621307373,0.01922733336687088

56592.544654437916,0.24937042902576667,190,2.1124826332652447,5.3583676173877066e-12,0.0,0.1861201971769333,0.017793668434023857

56595.449929403156,0.2543857236454903,260,0.9065378492323362,5.358367617364846e-12,0.0,0.2655918002128601,0.016143426299095154

56598.36576531294,0.25994045783629594,213,1.061058938489623,5.35836760890948e-12,0.0,0.2923335134983063,0.0186076108366251

56603.01149309393,0.2700071155366814,225,1.9479961110846489,5.358367633370016e-12,0.0,0.20376348495483398,0.01840830035507679

56605.91902228516,0.2749068896578691,209,1.5363370664545073,5.358367620704881e-12,0.0,0.1868559867143631,0.017949584871530533

56608.80510775666,0.2800618974751536,194,1.4525556935041095,5.3583676174430106e-12,0.0,0.2431996762752533,0.019806940108537674

56613.43585484022,0.2872337309338013,230,3.8352558817678073,5.358367638994403e-12,0.0,0.14915907382965088,0.01971392147243023

56616.34504667241,0.2910023595006007,248,1.3993587799632223,5.358367627349799e-12,0.0,0.2417682707309723,0.017881302163004875

56619.25328078396,0.29664072565678073,307,1.002004239580856,5.358367628430653e-12,0.0,0.26953718066215515,0.015256879851222038

56623.88465314644,0.30419172478847545,368,1.7537742280637758,5.358367621958608e-12,0.0,0.1617756187915802,0.013833633624017239

56626.791562097016,0.3086039221471022,301,0.8838154741397375,5.358367624926558e-12,0.0,0.2944033145904541,0.016031503677368164

56629.718513201806,0.3173515059660317,307,0.5123899171621815,5.358367626849175e-12,0.0,0.40039002895355225,0.013838512822985649

56634.33001651065,0.32804813635023977,260,1.6060459984146291,5.358367625219473e-12,0.0,0.20864105224609375,0.014736763201653957

56637.23805428459,0.3341852408680592,224,1.0814943607329042,5.358367614134285e-12,0.0,0.2809380292892456,0.016193371266126633

56640.14966836683,0.339936456041673,246,0.7715429717336519,5.358367629231467e-12,0.0,0.3114093542098999,0.014243067242205143

56644.776824566994,0.34881905991862533,215,2.7931608315157064,5.358367623185399e-12,0.0,0.17879416048526764,0.019838163629174232

56647.68507065454,0.34572865150151033,197,4.312247767757071,4.990123761551658e-12,0.0,0.1363610029220581,0.020301030948758125

56665.69420969632,0.33654734160536975,250,3.700767479131173,-1.0716735213120238e-12,0.0,0.10252829641103745,0.017060425132513046

56668.57761183264,0.3364179339336196,255,1.1562083557237202,-1.0716735259460909e-12,0.0,0.21142296493053436,0.01527230255305767

56671.48941337037,0.33092969126216243,264,1.80960441298339,-1.0716735278715125e-12,0.0,0.14250247180461884,0.015281127765774727

56676.116203997175,0.32187251114717275,364,1.7284584430399264,-1.0716735164980408e-12,0.0,0.11259901523590088,0.013905814848840237

56681.93172429935,0.32125539859193847,321,2.639550302774296,-1.0716735236679902e-12,0.0,0.1411624550819397,0.024610765278339386

56723.73756275778,0.3056732286657723,296,2.0438446313164604,-1.0716735231072016e-12,0.0,0.12088343501091003,0.014684751629829407

56738.792010837664,0.3014072762642786,284,2.534896168526757,-1.0716735280842686e-12,0.0,0.1438809037208557,0.015727004036307335

56741.71304958312,0.3033088438936938,262,1.8462294804066914,-1.0716735313813974e-12,0.0,0.14745551347732544,0.016021432355046272

56744.6181458795,0.3002729464579731,262,1.469723684976998,-1.0716735244785594e-12,0.0,0.18678349256515503,0.01591309905052185

56749.25413813625,0.2974479441559373,249,2.4919444285842474,-1.071673531222038e-12,0.0,0.12622766196727753,0.01691182143986225

56752.16833799002,0.29817485466229815,239,2.095487445785693,-1.0716735261049154e-12,0.0,0.10049565881490707,0.017677320167422295

56762.59388857898,0.30141871289578326,236,1.5665978025936056,-1.0716735094658553e-12,0.0,0.17550122737884521,0.017520874738693237

56765.50326886037,0.3010069373624757,220,2.3318420971918385,-1.0716735205047359e-12,0.0,0.15919388830661774,0.018301568925380707

56773.04820194169,0.2988101722430776,278,2.305071546970794,-1.071673521842791e-12,0.0,0.12200350314378738,0.01586948148906231

56775.958012961346,0.29567207819830704,291,1.0946235562414586,-1.0716735275163733e-12,0.0,0.25082728266716003,0.015641042962670326

56780.57622846178,0.29240955753479025,325,2.6733007985058066,-1.071673520309158e-12,0.0,0.09723905473947525,0.014942598529160023

56783.49010283921,0.290594217387089,352,2.804207213102927,-1.071673522691679e-12,0.0,0.08704094588756561,0.014473159797489643

56786.39284678488,0.28911474144904475,317,2.562648830917169,-1.0716735288760294e-12,0.0,0.10011442005634308,0.015768885612487793

56793.93756281396,0.28658453265646033,293,2.216217751538352,-1.0716735181039098e-12,0.0,0.12416242063045502,0.015453815460205078

56804.37735933969,0.2775030208724467,202,0.646446451924021,-1.0716735276788325e-12,0.0,0.29018330574035645,0.016490858048200607

56807.28573513667,0.26995264097115895,210,1.9273204543424072,-1.0716735343915278e-12,0.0,0.10249844938516617,0.018227213993668556

56835.718154446135,0.2835848372549888,334,1.3348652316835796,-1.0716735339991386e-12,0.0,0.1646399050951004,0.014632361009716988

56838.62820268958,0.2826940811267408,338,1.433993759292207,-1.0716735324542724e-12,0.0,0.21521872282028198,0.015074359253048897

56843.256778794836,0.2815305181250024,292,2.043735776169342,-1.0716735393737326e-12,0.0,0.15440130233764648,0.015192796476185322

56849.07686012201,0.28175913572188216,252,3.1376194442600536,-1.071673526151655e-12,0.0,0.0951109230518341,0.01510385051369667

56867.09887364861,0.2693850273333691,226,2.1379602799243003,-1.0716735182299506e-12,0.0,0.14023713767528534,0.016704725101590157

56901.33286025542,0.24643780886464375,226,2.1984308773426164,-1.0716735247525206e-12,0.0,0.12673014402389526,0.015957435593008995

56916.390220745605,0.23820402415974007,202,3.0114148330540047,-1.0716735176652764e-12,0.0,0.14253932237625122,0.017626289278268814

56968.71281633711,0.3173625490846255,210,2.7036583105655154,5.358367625361684e-12,0.0,0.10617618262767792,0.018340913578867912

56971.5499485531,0.32293166126003126,217,1.4319398644602188,5.3583676109371e-12,0.0,0.20633597671985626,0.018748315051198006

56974.456977464455,0.3275750024545377,217,1.5009889864359138,5.358367621792577e-12,0.0,0.19893530011177063,0.018885092809796333

56979.083076795025,0.3307282635860582,232,1.6938707858571433,5.358367639791838e-12,0.0,0.14673981070518494,0.014454702846705914

56981.98687790475,0.3359924203778776,208,0.810922031746486,5.358367624219978e-12,0.0,0.28628790378570557,0.016259856522083282

56984.89412918392,0.341972991999811,248,0.6213183922909593,5.358367636759337e-12,0.0,0.34382185339927673,0.013883502222597599

56989.5265016892,0.348734699749499,270,1.1773670394177316,5.358367610915078e-12,0.0,0.18082155287265778,0.014760852791368961

56992.43829654723,0.35480219866853496,308,0.47917101397843,5.358367619816113e-12,0.0,0.4232710599899292,0.01421732734888792

56995.37563073537,0.3610003858953223,336,0.5139474623661044,5.358367623588708e-12,0.0,0.44953078031539917,0.015442061237990856

56999.99093308185,0.36693921067214463,293,1.3913476948346215,5.358367625484816e-12,0.0,0.2317935824394226,0.01690431870520115

57002.90821241007,0.3723965909877091,254,0.756254863176764,5.358367617506826e-12,0.0,0.3650071620941162,0.01871727965772152

57005.833894325275,0.37549372586596014,221,1.379771532583618,5.358367631898966e-12,0.0,0.28299176692962646,0.020221615210175514

57010.41937247531,0.3759060011134871,170,3.7981959621902206,5.3583676137193124e-12,0.0,0.15547004342079163,0.02410873956978321

57013.32509719711,0.3813975532267711,230,0.949528740079586,5.358367627429873e-12,0.0,0.2616809904575348,0.01761941984295845

57016.23799729999,0.3859753599280375,224,0.6669736052344888,5.358367610979124e-12,0.0,0.38945841789245605,0.017339542508125305

57020.86319778687,0.3909506865906025,252,1.5532739894297265,-1.071673522290175e-12,0.0,0.19019779562950134,0.01630840077996254

57023.77347630007,0.3967870145160735,197,0.6951687936407325,-1.071673508502096e-12,0.0,0.42008692026138306,0.019533945247530937

57026.68745748514,0.3998132482497878,210,1.703126883967343,-1.071673527764462e-12,0.0,0.17153573036193848,0.01751742884516716

57044.67143276092,0.3940603481622499,331,0.8338207635461004,-1.071673521998908e-12,0.0,0.2449219822883606,0.01549834106117487

57047.58313393911,0.3865976658229439,326,1.304416201719505,-1.0716735291790268e-12,0.0,0.1961379200220108,0.01582425646483898

57052.2044612668,0.3774115599237691,340,2.248289945327997,-1.0716735021138118e-12,0.0,0.11371415853500366,0.015008630231022835

57065.57103001953,0.36469582518452337,239,1.0058398203227625,-1.0716735371282845e-12,0.0,0.32271990180015564,0.017911013215780258

57089.35842609146,0.34988017961919804,211,2.316659362122664,-1.0716735302642586e-12,0.0,0.11251409351825714,0.018390482291579247

57096.906287592734,0.3440834658933557,267,1.319460949389395,-1.0716735171140555e-12,0.0,0.17340928316116333,0.016132816672325134

57099.81453013838,0.34133824862124845,350,1.0564131258661291,-1.0716735245915913e-12,0.0,0.20738694071769714,0.012224963866174221

57104.442561336065,0.34060161030976444,353,0.8816193286520502,-1.0716735246143923e-12,0.0,0.2920495867729187,0.013581392355263233

57107.35988115129,0.3406741481849629,308,0.42396347765816245,-1.071673528539567e-12,0.0,0.426214337348938,0.013453850522637367

57110.275063581015,0.3377626616483654,278,1.841271881630746,-1.0716735292267987e-12,0.0,0.2190742939710617,0.015494453720748425

57138.678998542244,0.33364271391226613,264,1.3079986160846602,-1.0716735256741866e-12,0.0,0.2547650933265686,0.017238443717360497

57141.58736434671,0.3345772686174148,259,1.4824276206581999,-1.0716735472019833e-12,0.0,0.19509030878543854,0.016890278086066246

57146.215539342804,0.3356847986980662,254,1.721521982744889,-1.071673521219383e-12,0.0,0.167418971657753,0.017228884622454643

57149.13337820454,0.33527793700053243,326,1.1527394860877394,-1.0716735264202633e-12,0.0,0.18284115195274353,0.015005526132881641

57170.03398792176,0.3285726913608217,243,1.1294562085595317,-1.0716735313289328e-12,0.0,0.24773161113262177,0.015964720398187637

57180.48673978998,0.3248018336973987,219,2.8186755685055687,-1.0716735252655476e-12,0.0,0.09870634227991104,0.01674913987517357

57183.39745613303,0.3230214732245576,199,3.4365260148661037,-1.0716735303637731e-12,0.0,0.09820546954870224,0.017193837091326714

57188.05441285301,0.33523484548121796,232,1.947800853940862,1.0353020035685335e-13,0.0,0.14782370626926422,0.015397192910313606

57190.908160171944,0.3392529880048548,204,2.238326715087169,5.358367628897929e-12,0.0,0.13787128031253815,0.01654784008860588

57193.93788771042,0.3436543971089024,126,2.730184007759817,5.358367623542924e-12,0.0,0.1710345298051834,0.023510485887527466

57201.36036119685,0.3545227297081089,265,2.065477247015224,5.358367620333879e-12,0.0,0.16432933509349823,0.016394807025790215

57204.26599933975,0.3601663937432199,301,2.258083071637884,5.358367616627445e-12,0.0,0.13684062659740448,0.016173603013157845

57208.8959112859,0.3723373251050188,368,2.0358164931622014,5.358367629783875e-12,0.0,0.10615222156047821,0.014328110963106155

57250.70326693945,0.370401740587478,245,3.1515460818809515,-1.0716735142020075e-12,0.0,0.12699276208877563,0.017507338896393776

57277.4230120941,0.3671751020023108,273,1.4104563206274179,-1.0716735164082107e-12,0.0,0.18414956331253052,0.015498535707592964

57282.071853047106,0.37127888722521607,230,2.4366602247027913,-1.0716735205131573e-12,0.0,0.11289235204458237,0.01763158291578293

57305.831364325015,0.36196910133130183,299,1.7170530952625995,-2.6791838049497224e-12,0.0,0.14815343916416168,0.01483019907027483

57316.280946552186,0.3541818995597625,368,1.7195031887240475,-2.679183799982423e-12,0.0,0.1487388163805008,0.01448904536664486

57334.26718667207,0.34044159284871783,228,2.1494868462923478,-2.6791838099637702e-12,0.0,0.15731501579284668,0.01730254292488098

57337.17782567986,0.3395301543831024,251,0.8593395506295565,-2.6791838168738795e-12,0.0,0.2740735411643982,0.014941582456231117

57340.08771904434,0.3379426554273125,218,0.7847675220773453,-2.6791838205403313e-12,0.0,0.3472543954849243,0.016809677705168724

57344.714439154355,0.3328877262367853,227,1.1012860312575867,-2.6791838136904212e-12,0.0,0.25726497173309326,0.016833556815981865

57347.64205542535,0.3325299756151553,227,1.5139369224925758,-2.6791837951061496e-12,0.0,0.18393629789352417,0.016425881534814835

57350.54706805419,0.329675538859146,244,1.639722171375979,-2.679183814838753e-12,0.0,0.16522224247455597,0.014912469312548637

57358.07415999729,0.3242963715087596,286,1.551040327285591,-2.6791838155772517e-12,0.0,0.1097031831741333,0.0157978143543005

57360.98343120044,0.31867901605678955,312,1.5738406489163026,-2.6791838130595207e-12,0.0,0.15248487889766693,0.01519835740327835

57365.616395095814,0.3203555496891526,364,2.888673975576239,-2.6791838189509967e-12,0.0,0.08709970116615295,0.014340918511152267

57368.517206759956,0.32001889015805063,329,2.3946998339852144,-2.6791838032925905e-12,0.0,0.10326933860778809,0.015573515556752682

57371.42888107611,0.3099872671497599,304,2.6513765760682872,-2.6791838195264793e-12,0.0,0.09639066457748413,0.01519314106553793

57376.06448297185,0.2997873032859155,208,1.9723304944818665,-2.6791838073926118e-12,0.0,0.14628544449806213,0.02178877219557762

57378.975981470314,0.29346291921292916,219,1.3242427598925133,-2.6791838179048212e-12,0.0,0.21320927143096924,0.018417594954371452

57389.42634214941,0.2571924217347243,228,2.2530011278831807,-2.6791838165502447e-12,0.0,0.10190825909376144,0.01846330240368843

57399.87522443389,0.2753104170337359,244,2.221423756054719,-2.6791838125886255e-12,0.0,0.12088128924369812,0.017097925767302513

57402.784818907014,0.2712566139660144,214,3.1703680747341423,-2.6791838229194837e-12,0.0,0.10966834425926208,0.01836203783750534

57410.343837409026,0.2688144698734807,254,1.1562196533532187,-2.6791838074459257e-12,0.0,0.2115650773048401,0.016093555837869644

57413.25632824451,0.2616595153352149,297,0.9597567895980319,-2.6791838256540293e-12,0.0,0.21844851970672607,0.015520652756094933

57417.84036244998,0.250877011190902,359,1.9694353170507384,-2.6791838043658246e-12,0.0,0.12427426129579544,0.014099787920713425

57420.77176796957,0.2493436403475564,353,1.486236129721874,-2.6791838134155553e-12,0.0,0.1524447649717331,0.0146067189052701

57423.68703155338,0.24280525032059663,347,0.8686222230380736,-2.6791838192773077e-12,0.0,0.23971666395664215,0.014341932721436024

57431.19814596499,0.2399329330513131,257,3.1154652901932423,-2.6791838124626832e-12,0.0,0.1623685359954834,0.01766243204474449

57438.732202703475,0.23353945582078625,242,1.727231619952363,-2.6791838105252166e-12,0.0,0.20377850532531738,0.017347637563943863

57441.64041762537,0.22977488827044706,241,0.9628458030874754,-2.6791838224383372e-12,0.0,0.345663458108902,0.018983934074640274

57444.56457041185,0.22948836908680093,223,2.888037329284998,-2.679183829816208e-12,0.0,0.11137150973081589,0.01829403266310692

57452.09162109502,0.22343547334399017,227,1.7138192731636082,2.6791837404526944e-13,0.0,0.16028140485286713,0.017679238691926003

57454.99344168023,0.2259855941306282,226,1.27861866872081,2.6791837939934257e-13,0.0,0.25250759720802307,0.017926953732967377

57465.43947760566,0.21505380405271624,293,1.184168567647248,2.67918386516208e-13,0.0,0.1907198429107666,0.01501561887562275

57470.06964225093,0.2073311122711243,348,2.6120420670849853,2.6791838071787024e-13,0.0,0.08864691108465195,0.015176459215581417

57472.97737325616,0.20795164704128902,392,2.100523914805308,2.679183793766609e-13,0.0,0.11883696168661118,0.013683636672794819

57475.887638797234,0.21252614300570127,359,1.1229585084038263,2.679183728859744e-13,0.0,0.18156887590885162,0.013552207499742508

57480.5154990857,0.21810276861530778,309,1.533575471057702,2.6791837987107195e-13,0.0,0.19519098103046417,0.015446205623447895

57483.42352703544,0.2265548165016818,271,0.8692607167404276,2.6791838518239306e-13,0.0,0.2712918221950531,0.01590299978852272

57486.33788836114,0.23742972184270245,260,1.1728864990345755,2.6791837624827366e-13,0.0,0.220669224858284,0.01641240529716015

57490.96358502457,0.24854448454540914,228,2.2708330504883634,2.6791838508232355e-13,0.0,0.1268267184495926,0.01749749481678009

57507.230287322694,0.250720082580523,256,2.3764404488701985,2.6791838135930846e-13,0.0,0.11178606748580933,0.01781902275979519

57511.87353378963,0.25701878041707366,246,2.385146729011467,2.679183758367911e-13,0.0,0.13481798768043518,0.016068222001194954

57514.778342156234,0.26378582768724623,259,1.8669891233003,2.679183836186867e-13,0.0,0.14314569532871246,0.01711566559970379

57517.68285751925,0.2623733584624364,308,2.99036059914215,2.6791839508943196e-13,0.0,0.1171816810965538,0.0178361926227808

57528.126617310576,0.25721555822936754,368,2.7469246788314194,2.6791837771377063e-13,0.0,0.10507039725780487,0.014316126704216003

57532.76544213928,0.2585267652647812,311,2.0169225933841517,2.6791838712276764e-13,0.0,0.10963008552789688,0.015830455347895622

57535.675871341875,0.25706002926621613,293,1.3974798207527783,2.679183857733599e-13,0.0,0.24377289414405823,0.015590330585837364

57546.12684776118,0.24942602535208505,225,1.2222412237861136,2.6791838046375004e-13,0.0,0.18075703084468842,0.01628873310983181

57567.018879007315,0.2546646614132144,279,2.0895595298497938,2.6791838807177675e-13,0.0,0.09200779348611832,0.015196684747934341

57569.92767418076,0.25679107330230344,274,1.6832234450703254,2.679183925758324e-13,0.0,0.2105650156736374,0.01685011386871338

57577.44246318683,0.26469515654119574,347,1.547980730265408,2.679183707025188e-13,0.0,0.2050079107284546,0.014899615198373795

57580.3514539572,0.26606689087017493,364,1.4589257091301988,2.6791839397944565e-13,0.0,0.1709597110748291,0.01397128775715828

57587.89120357436,0.26651838109320897,256,0.7728419859631686,2.679183873509324e-13,0.0,0.30155500769615173,0.016789862886071205

57590.81134397884,0.26627952085183776,225,1.4422931826629792,2.6791838101991107e-13,0.0,0.15586815774440765,0.017424261197447777

57601.28539514269,0.26058849504740256,258,1.6121431656301866,2.6791839177314367e-13,0.0,0.14513763785362244,0.015345070511102676

57605.87931339236,0.25679273873055636,257,3.0011401008778193,2.679183856731297e-13,0.0,0.12997746467590332,0.01560751348733902

57608.78767992502,0.25817009869528423,246,0.8995085210017351,2.6791839870699267e-13,0.0,0.31505101919174194,0.01752050593495369

57611.69524343301,0.25509410390061726,255,2.445954692120722,2.679183760707056e-13,0.0,0.10384508222341537,0.01607475057244301

57619.23203038072,0.259759661491393,284,2.088608255235158,2.6791838535128245e-13,0.0,0.1608060747385025,0.015575315803289413

57626.77130583825,0.2552039187495195,362,3.000093897753686,2.6791837895046487e-13,0.0,0.0898742824792862,0.014166014268994331

57629.6805379469,0.25690679685583406,391,2.236438660929707,2.6791838315455005e-13,0.0,0.10048215091228485,0.013676097616553307

57632.58765195097,0.25332059132490575,391,2.482201750808599,2.6791837224571995e-13,0.0,0.10365273803472519,0.013703349977731705

57640.131789113795,0.25198074685818556,324,2.566791863500839,2.6791838058138826e-13,0.0,0.10742544382810593,0.015667114406824112

57643.038797513145,0.2472817212152321,290,1.6550066561649146,2.679183699052131e-13,0.0,0.19086332619190216,0.015996206551790237

57650.57571276208,0.23577710666222335,267,2.8885423830615764,2.6791837156742346e-13,0.0,0.1721937656402588,0.01658536121249199

57661.02153729676,0.23119575604770154,193,2.4621354555165453,2.6791838618769766e-13,0.0,0.1363661140203476,0.018626920878887177

57679.019675591815,0.25133839068501296,313,2.204995723786851,2.679183846050122e-13,0.0,0.12463489174842834,0.015890754759311676

57681.91758271859,0.2540090373250844,349,1.6548084147416375,2.6791838090166074e-13,0.0,0.16178801655769348,0.015524541959166527

57684.827449813194,0.2574226952662633,374,1.5928618779526005,2.679183786064239e-13,0.0,0.15376664698123932,0.013949930667877197

57689.47450742532,0.26438363024840156,283,1.6555853221689176,2.6791837439232427e-13,0.0,0.15368527173995972,0.01335638202726841

57692.370552200184,0.27390619617538897,245,0.8553793406917976,2.6791838675223293e-13,0.0,0.23223817348480225,0.015252138487994671

57695.280655862894,0.28372066973998206,231,1.9416950181039283,2.6791837321372463e-13,0.0,0.1456824094057083,0.01692901737987995

57699.909557347826,0.2900753870603143,254,1.7383061390319199,2.6791836331226566e-13,0.0,0.13992543518543243,0.015661776065826416

57702.818111709006,0.2899459937821741,234,0.5615424925053958,2.679183810694169e-13,0.0,0.5477371215820312,0.018761692568659782

57713.26293038331,0.2850281360518872,240,1.2568945351176808,2.679183864156221e-13,0.0,0.28657928109169006,0.016613271087408066

57716.17230515322,0.28237012111817655,213,1.7121108442097466,2.6791838945714145e-13,0.0,0.2106567770242691,0.018043937161564827

57747.515083512335,0.29532465129191054,256,1.1441406400081178,2.679183861488818e-13,0.0,0.2540205121040344,0.01601412147283554

57773.04135967424,0.2767114869015693,270,3.065955240799667,-4.018775723456285e-12,0.0,0.10270471125841141,0.016564100980758667

57786.386950473265,0.2595490322252648,374,2.2010887335000007,-4.018775731936362e-12,0.0,0.09265464544296265,0.014362762682139874

57789.2959776934,0.25401342336525407,402,0.9890179342164629,-4.018775711799267e-12,0.0,0.17250332236289978,0.012870491482317448

57793.9303066775,0.24510373174535172,372,2.005293140427966,-4.0187757218927464e-12,0.0,0.11130442470312119,0.013940704986453056

57799.756457281146,0.2362584279254378,311,1.4253662072860607,-4.018775723491193e-12,0.0,0.16725140810012817,0.015852566808462143

57807.2957152868,0.2278690768218467,272,1.8803069679051987,-4.018775711320538e-12,0.0,0.12465347349643707,0.016032012179493904

57810.206522508495,0.22316506849562198,249,2.2906708352365968,-4.018775712792569e-12,0.0,0.12171118706464767,0.016048379242420197

57814.833536279,0.2165339024199745,243,3.17514093239879,-4.018775734620342e-12,0.0,0.10858777910470963,0.01708637923002243

57817.742549261995,0.21505871960456885,249,2.0475971496125567,-4.018775723994663e-12,0.0,0.14265447854995728,0.016844339668750763

57828.18693134902,0.2015966452274648,272,2.134327274916359,-4.018775729322793e-12,0.0,0.13839423656463623,0.01564653217792511

57831.113740148656,0.19778102177184662,282,1.7049575262717553,-4.018775729783156e-12,0.0,0.15469717979431152,0.014902696013450623

57841.539209634146,0.18691935052826822,379,2.1574129505097517,-4.018775720129614e-12,0.0,0.11739054322242737,0.01409882865846157

57859.53861913597,0.17579010823127666,255,1.018722315393461,-4.0187757165908305e-12,0.0,0.2688940465450287,0.016973664984107018

57862.44771589308,0.17081043585839947,228,3.6340304632176412,-4.0187757117718096e-12,0.0,0.11089032888412476,0.018239198252558708

57867.04430624954,0.16372880369984363,233,1.8392331924133032,-4.018775715985191e-12,0.0,0.12165609002113342,0.01869996078312397

57872.861305549515,0.15687185505266688,234,1.652200722901398,-4.018775726890281e-12,0.0,0.14038945734500885,0.01773214340209961

57880.400895517894,0.1448005822522732,238,2.2707956759404624,-4.018775713567563e-12,0.0,0.11109952628612518,0.016299137845635414

57883.309303435046,0.13750812648942365,253,0.9811832768491513,-4.0187757228745694e-12,0.0,0.20777671039104462,0.01607249118387699

57887.939824659465,0.12757679005471467,303,0.7901037690771773,-4.018775718003803e-12,0.0,0.23622870445251465,0.014920531772077084

57890.85061301693,0.121474749076048,315,0.4084551008531889,-4.0187757191939146e-12,0.0,0.3920673429965973,0.015284528955817223

57893.7589337648,0.11273683658879236,349,1.6841498506892094,-4.018775725488714e-12,0.0,0.14037100970745087,0.01517507340759039

57898.412925841054,0.10533883080023748,341,1.4126425185168046,-4.018775728741731e-12,0.0,0.14801642298698425,0.015395713970065117

57908.83441163361,0.0943682337188321,253,2.153985150243898,-4.018775732614362e-12,0.0,0.10953134298324585,0.016242463141679764

57956.4367143518,0.07303747895911496,304,1.4064235642763379,5.5220693327162065e-21,0.0,0.2178162783384323,0.015456389635801315

57961.08386935995,0.07117797491473346,276,1.2601276466739364,1.338566701590839e-21,0.0,0.19476619362831116,0.014788414351642132

57963.98766911086,0.07232141534776791,270,0.6727326962163716,6.514822245696158e-22,0.0,0.3588028848171234,0.015842586755752563

57966.89117118252,0.07312336677509651,258,0.707631144791776,2.036035320572958e-21,0.0,0.36681997776031494,0.016310255974531174

57971.51254234639,0.07302150710913213,261,1.2581629960095597,7.017202186890163e-21,0.0,0.24774214625358582,0.016715312376618385

57974.42108874979,0.07478102909477194,261,0.6771991678533595,-7.021310297745887e-21,0.0,0.36015698313713074,0.015563716180622578

57977.33045244618,0.07471630017435274,248,0.6232542659745377,-3.6358270857325767e-22,0.0,0.3990618884563446,0.016538575291633606

57981.97014758442,0.07240038558884297,238,2.779793817353493,8.882183265704695e-21,0.0,0.1506281942129135,0.01779726892709732

57984.87267241895,0.07522059010323977,235,2.0495086516802985,-4.664929899742681e-21,0.0,0.1616886556148529,0.018490588292479515

57987.77668532902,0.07286884752615556,266,0.9697420466636686,3.711695892281226e-22,0.0,0.24428705871105194,0.01609698310494423

57992.458953237874,0.07130664336620926,292,1.5248164686454402,6.876979849086173e-22,0.0,0.20223693549633026,0.015249711461365223

57995.31639926104,0.07301808999052974,342,0.8321794808807681,-7.637247664214438e-21,0.0,0.28771546483039856,0.014005242846906185

57998.229208233795,0.0715762381210234,330,1.1817158451776777,-1.3258712497606358e-20,0.0,0.24561449885368347,0.014886058866977692

58002.860181387296,0.06922139812114116,275,1.7828585896495497,-1.7945369024364582e-21,0.0,0.16699537634849548,0.018941441550850868

58005.76498380447,0.07138984767856393,320,0.7570649529498041,-1.0374521949179938e-20,0.0,0.35456833243370056,0.016306227073073387

58008.67371689468,0.07204402335273104,264,0.8487815250646236,-3.7805574511534204e-21,0.0,0.31331968307495117,0.015828611329197884

58013.303195842454,0.07236235545735333,242,1.8081482267007232,5.519145667263817e-22,0.0,0.20518521964550018,0.017661646008491516

58016.213575411515,0.07328931661620262,267,0.6754378745199574,2.354885015945324e-21,0.0,0.36418089270591736,0.016699478030204773

58019.1210229381,0.07534343180994452,267,0.4239268136529972,-1.2778797074193904e-21,0.0,0.5076638460159302,0.01579713448882103

58023.76198165502,0.07698997546541311,260,0.7539776447629265,-1.2688253526122825e-20,0.0,0.3406127393245697,0.015748005360364914

58026.66547705847,0.0782706402356623,267,0.6770554250579153,4.047632746689365e-21,0.0,0.3625774681568146,0.016146153211593628

58029.569145457805,0.07782547149422155,282,0.781279965167414,-1.1206565097539474e-21,0.0,0.31636926531791687,0.015205985866487026

58034.19852745197,0.07397313268513872,265,3.5232247341809853,-4.324195186989468e-21,0.0,0.10244804620742798,0.015485711395740509

58037.10771900378,0.07482243453861422,241,1.6547423342672118,-7.345508450560217e-21,0.0,0.18747250735759735,0.017346665263175964

58040.02688848602,0.07394521273858176,234,1.146646511074323,1.2647068781296094e-21,0.0,0.2875632047653198,0.0179423950612545

58044.64609134864,0.07255425146425204,287,2.2147462175325927,-8.191268190197419e-21,0.0,0.10742048174142838,0.01512154471129179

58047.55740981458,0.07259525538817366,297,0.76224033307426,-1.3492909641471172e-20,0.0,0.34261876344680786,0.015006215311586857

58050.462566853865,0.07250224493419281,329,0.8696944320263356,-2.6770433937169444e-21,0.0,0.2747504711151123,0.014446703717112541

58055.093546261574,0.06980063485257718,363,1.9987815846889134,-7.316223679547575e-21,0.0,0.0861792042851448,0.013564673252403736

58058.00460634555,0.07125765620046866,351,1.6473804009820014,-8.3875444455061955e-22,0.0,0.1455453634262085,0.014661966823041439

58099.78965940618,0.07794760873829108,278,3.107928705503582,7.549375316789195e-22,0.0,0.13686785101890564,0.017267590388655663

58102.705249083956,0.07641024019555853,327,2.295891192716226,-5.2012396069619994e-21,0.0,0.1502857655286789,0.01517531368881464

58107.328500535186,0.0785581688988018,358,1.8773576471176057,-2.5467878539699093e-21,0.0,0.13601012527942657,0.014346827752888203

58110.23777171291,0.08038455583181331,346,1.1588115000904509,-4.1791162829008294e-21,0.0,0.22432313859462738,0.014989922754466534

58113.14564442659,0.07990609786811144,333,2.045745617351713,-1.3259633763208088e-20,0.0,0.10444357991218567,0.014801246114075184

58120.68236764204,0.08480436080959351,268,1.2049073916386988,-9.242426418597725e-21,0.0,0.21582965552806854,0.015485052019357681

58123.59225303167,0.08349385463305975,244,1.5127999120068125,1.223663294693142e-21,0.0,0.2189377248287201,0.016320114955306053

58131.12838031116,0.08061334179170858,234,2.2126603482774954,4.0585217470864785e-21,0.0,0.11908195167779922,0.017104335129261017

58134.03926375103,0.07957355989300609,253,1.5826817900688184,-3.691184713333222e-21,0.0,0.16217994689941406,0.01448054052889347

58138.6673806778,0.07642250298621135,212,2.9424489866869408,-7.201510137020185e-21,0.0,0.1173112541437149,0.01648426055908203

58141.59117997971,0.0788548376571912,226,1.518064323136059,-2.3754343631063532e-21,0.0,0.17416143417358398,0.017509542405605316

58152.0223569441,0.079814391868411,280,2.03316147917576,5.784601196051332e-21,0.0,0.13770651817321777,0.014247536659240723

58154.93168247327,0.08491073073456597,334,3.8122038859000895,-9.936917132241605e-21,0.0,0.08276215195655823,0.014251640066504478

58162.46671050211,0.08147716070298332,359,2.1216391132838908,5.219477444884532e-21,0.0,0.12197038531303406,0.013983155600726604

58165.37648623322,0.0822051954588323,328,2.9229468623270805,-2.8307729459208812e-21,0.0,0.12762898206710815,0.015535566955804825

58172.91439011718,0.08574397492301292,264,2.211994427625541,-6.608458972167069e-22,0.0,0.1507408320903778,0.016891999170184135

58175.825406903474,0.08012902052162398,234,2.0507650333456695,-2.4593938561829753e-22,0.0,0.11937133967876434,0.01814183220267296

58186.29301168773,0.07444049778337962,245,2.6270376451975608,1.1962499854854237e-21,0.0,0.11360088735818863,0.017605556175112724

58214.69416809035,0.08002636070245442,372,1.6943404546054808,5.537681783530412e-21,0.0,0.1984787881374359,0.015160350129008293

58225.141599766575,0.07816222923933698,269,1.8657095779417432,4.925282457072849e-21,0.0,0.1562006026506424,0.017049478366971016

58228.05089464225,0.07086688016545134,273,3.4312864727326087,-6.830589789660284e-21,0.0,0.11383222788572311,0.016426023095846176

58232.679903614284,0.07223017986027426,257,2.5980668283409614,-2.60640434676103e-21,0.0,0.11996304243803024,0.01705721579492092

58256.47949097,0.0704540168110324,292,2.623311843308329,7.426937760669017e-21,0.0,0.12215673923492432,0.013973659835755825

58266.93181270801,0.0688243588707199,378,2.2723979498096014,-5.2896182632360144e-21,0.0,0.10362204909324646,0.01449652947485447

58269.84093456079,0.06659274051262583,333,2.059608590343487,-5.683999073966456e-21,0.0,0.13081879913806915,0.016344543546438217

58280.28784531399,0.05882094790979613,276,1.653775001386748,-2.572517990620173e-21,0.0,0.09799733012914658,0.01333813089877367

58298.270116719425,0.05122096737878303,243,2.2589753712054517,9.268994006118488e-21,0.0,0.1495400071144104,0.01591114141047001

58301.18328414147,0.044578640461312574,271,2.4962352540569555,-4.820569237424632e-21,0.0,0.08068257570266724,0.014023864641785622

58305.820325899724,0.04357254137133297,287,1.826746824917791,1.0121159328038532e-20,0.0,0.14114797115325928,0.015811091288924217

58311.62744208859,0.0410452509895324,327,1.6638173860883398,2.4746399494891927e-21,0.0,0.17228949069976807,0.0149154057726264

58319.16184878766,0.038905919451442866,363,0.790628362778989,-4.44997129481788e-21,0.0,0.2052505910396576,0.013635550625622272

58326.70037635072,0.028443975454924365,299,3.268619082064106,-2.9574552791144336e-21,0.0,0.08106748014688492,0.013115443289279938

58332.51939352889,0.02814007791063922,269,2.119601276717731,-1.339591915856501e-12,0.0,0.14848017692565918,0.019421115517616272

58353.41351459035,0.028019811077527206,256,2.1472008882028604,-1.3395919112099392e-12,0.0,0.15724915266036987,0.016212325543165207

58358.04404870875,0.020382434856906016,264,3.53224606897129,-1.3395919014753063e-12,0.0,0.0926276296377182,0.01620587706565857

58360.9521114025,0.022165914247663746,293,0.9487713725775393,-1.3395919137747518e-12,0.0,0.2332010567188263,0.0154353566467762

58363.86070042206,0.0197143591822183,324,1.1688843670754068,-1.3395919079149444e-12,0.0,0.2222336083650589,0.015295654535293579

58368.49068043867,0.012797078330008396,389,2.3533432624844863,-1.339591917199551e-12,0.0,0.07868065685033798,0.010437175631523132

58371.397874101574,0.012106257784716523,364,1.8190576156484894,-1.3395919339560659e-12,0.0,0.11870571970939636,0.011282737366855145

58374.31163143044,0.0074774533730842955,396,2.6802041475093574,-1.3395919001103697e-12,0.0,0.14496345818042755,0.022539271041750908

58392.29416034542,-0.0008112396526276806,248,2.364985078884274,-1.3395919064306871e-12,0.0,0.12891440093517303,0.01729699596762657

58395.20421466903,-0.002898042810951943,251,2.764689384093799,-1.339591904528889e-12,0.0,0.1421670913696289,0.01739891618490219

58402.76082410423,-0.0057716786070743115,274,2.370506848592413,-1.3395918836840888e-12,0.0,0.11111274361610413,0.014694616198539734

58405.66504063187,-0.002923254383346553,275,3.457067521139834,-1.339591921743579e-12,0.0,0.08372697234153748,0.013770589604973793

58426.54909947845,-0.003669019914772632,313,1.847520962883209,-1.3395919174888105e-12,0.0,0.14622239768505096,0.01457423996180296

58434.085615373704,-0.009325573521263706,293,2.1019864959725965,-1.339591913361892e-12,0.0,0.12224812060594559,0.015103088691830635

58454.97792866826,-0.0203085828243873,228,1.491804653142026,-1.3395918971922324e-12,0.0,0.21816803514957428,0.016068000346422195

58457.8881201138,-0.02136453764467049,224,4.673605928928737,-1.339591896719075e-12,0.0,0.09556495398283005,0.016215365380048752

58475.8700622825,-0.026953830445908922,371,2.774913241410104,-1.3395919136716246e-12,0.0,0.0017048988956958055,0.00024780939565971494

58478.77985865492,-0.027567151079526304,370,2.0104714337776386,-1.3395919177678002e-12,0.0,0.0018556542927399278,0.00025425635976716876

58499.67728469382,-0.038668020735052336,248,2.2202260652193218,1.9724805254825205e-12,0.0,0.15793177485466003,0.01649150811135769

58507.216130803776,-0.04325758687464391,242,1.8040626059701026,2.0093878453672738e-12,0.0,0.20041866600513458,0.018192915245890617

58510.121136685004,-0.03963221813456041,246,1.5276285125764844,2.0093878523159972e-12,0.0,0.30269527435302734,0.021062562242150307

58528.10032099208,-0.028251908776821925,407,1.3618260652492609,2.0093878672843922e-12,0.0,0.16633519530296326,0.01322927325963974

58531.00936061613,-0.025448677272913278,408,3.986569936387241,2.0093878687493222e-12,0.0,0.09583093225955963,0.013218236155807972

58535.639615014465,-0.016614109146264062,339,1.9964534203609219,2.0093878591383733e-12,0.0,0.15529775619506836,0.015567501075565815

58538.54764454505,-0.013778703575012347,284,1.366433792782118,2.0093878526644374e-12,0.0,0.20535258948802948,0.01689247600734234

58541.45631825119,-0.013310288080066384,260,2.7507576305652037,2.009387856283735e-12,0.0,0.15072180330753326,0.01751556247472763

58546.085327994166,-0.01177914248104761,254,1.8467112283815368,2.0093878458696466e-12,0.0,0.1523725688457489,0.01638716459274292

58548.99554846648,-0.012670914431242946,242,1.9361685588137334,2.0093878619660248e-12,0.0,0.14071741700172424,0.017271561548113823

58551.90472082264,-0.009617902894444984,221,1.95887082554691,2.0093878247863173e-12,0.0,0.15929076075553894,0.018817126750946045

58556.531023906486,-0.008324418125965958,232,2.770087519365916,2.0093878477963898e-12,0.0,0.10307876765727997,0.017021939158439636

58559.438339840715,-0.006340515519483213,213,3.040012757082877,2.009387853022447e-12,0.0,0.11583643406629562,0.019912512972950935

58562.366091531665,-0.007621138493558486,242,2.0807159728519764,2.0093878496155664e-12,0.0,0.1441800445318222,0.016536487266421318

58604.12941973226,0.08031744001920883,233,1.8514006683290063,2.0093878476126434e-12,0.0,0.13739225268363953,0.016704024747014046

58608.7744571706,0.08553650000430842,238,2.535638543577079,2.009387858496196e-12,0.0,0.13560305535793304,0.016915874555706978

58614.576511608655,0.0939191699908001,232,1.5522914509347174,2.0093878484424708e-12,0.0,0.15892423689365387,0.016490595415234566

58622.169954605626,0.09506702292036527,188,1.8980192351136793,2.00938784380677e-12,0.0,0.1561720222234726,0.019508888944983482

58625.03087711736,0.09425621531141708,237,1.3552140387673717,2.0093878578855085e-12,0.0,0.2129696011543274,0.016387561336159706

58629.65286725366,0.09505483815523975,312,3.539800275120797,2.009387868464992e-12,0.0,0.09708080440759659,0.0160467941313982

58632.55966762014,0.09634067739759862,342,1.3871549242594483,2.009387885177021e-12,0.0,0.21137678623199463,0.014775742776691914

58640.099388775394,0.09356701778488928,347,3.585934678085323,2.0093878559463277e-12,0.0,0.11558779329061508,0.01569044589996338

58643.00998711661,0.09077617504943722,299,2.000920744649193,2.009387843605109e-12,0.0,0.21886736154556274,0.01660415157675743

58662.00062158213,0.08187608983536925,159,1.606499182571497,-2.0093878515658284e-12,0.0,0.27770760655403137,0.019034290686249733

58663.91281814962,0.08202901549163455,221,0.711322698521144,-2.009387866609174e-12,0.0,0.36590567231178284,0.01693589799106121

58666.81575770301,0.07903953085555472,238,0.8346037105866344,-2.0093878770517708e-12,0.0,0.33275872468948364,0.016448818147182465

58671.43996654972,0.07420729287190474,255,1.3244714125448809,-2.0093878643690523e-12,0.0,0.232129767537117,0.01663077250123024

58674.34682580978,0.07543120454888456,259,0.6520443207591597,-2.0093878504102785e-12,0.0,0.3727932870388031,0.016694027930498123

58677.26019571824,0.07250745048743223,284,0.6572959421191626,-2.009387838107718e-12,0.0,0.3718869388103485,0.01649206131696701

58681.88714207291,0.06834996878347543,338,1.7340664726361865,-2.0093878686597654e-12,0.0,0.16728807985782623,0.015603924170136452

58684.79429282101,0.06918209645856616,341,1.5288904364751943,-2.009387848821679e-12,0.0,0.18964624404907227,0.015347347594797611

58687.70474374456,0.06584106942997292,383,1.3462184256241017,-2.0093878669965217e-12,0.0,0.19022898375988007,0.013591745868325233

58692.33520537259,0.06303978824972432,366,1.8904999876667716,-2.0093878546378157e-12,0.0,0.147350013256073,0.014592855237424374

58695.24382768528,0.06100471762618837,171,1.355205085928901,-2.009387868291429e-12,0.0,0.2565242052078247,0.020842602476477623

58698.15456287791,0.05903667555228572,286,0.9086360819310357,-1.4848388663295961e-12,0.0,0.2950242757797241,0.015989385545253754

58702.78188247864,0.05576459714888586,179,2.8458578071877128,1.9363466418802604e-20,0.0,0.10930665582418442,0.019696904346346855

58705.690858729075,0.055905511188599065,185,1.971380356735608,-3.058362493461299e-20,0.0,0.1462893933057785,0.01842416077852249

58719.06098681782,0.05040670616019014,271,1.935084696924605,1.9426570604517736e-20,0.0,0.17356011271476746,0.015599563717842102

58723.67699152107,0.05249637653544392,265,2.086436410309034,7.510130254999811e-21,0.0,0.10292568057775497,0.016430579125881195

58729.494187683704,0.05455628951539643,266,2.2093706775194732,-1.205378021395015e-20,0.0,0.11330817639827728,0.01606263406574726

58760.847937886305,0.02854222771933509,258,1.6866606245002913,-2.0093878560976953e-12,0.0,0.12537099421024323,0.015721572563052177

58771.28614932236,0.02084275637522932,255,3.467600890871836,-2.009387861183411e-12,0.0,0.10753435641527176,0.016368962824344635

58775.91492512556,0.017107132393477102,236,1.8922447964087041,-2.009387870247502e-12,0.0,0.12635236978530884,0.017354866489768028

58778.82338941211,0.01965508144198204,262,3.1904187380860094,-2.009387864115228e-12,0.0,0.09559042006731033,0.015324718318879604

58789.27232799405,0.011940947167901192,291,2.0726447758079303,-2.0093878373734342e-12,0.0,0.11224761605262756,0.015212973579764366

58799.71688133611,0.007997380971266165,336,1.4522987612508587,-2.009387830274214e-12,0.0,0.18688057363033295,0.014755616895854473

58810.167906675604,-0.0026769807345511714,213,2.573739266154007,-2.0093878658750897e-12,0.0,0.11649983376264572,0.017637234181165695

58813.110364750275,-0.0024921756837890333,206,1.7055177181646286,-2.0093878629311026e-12,0.0,0.18897688388824463,0.01839328557252884

58817.70354404143,-0.0044935532952405715,213,1.2795071313576045,-2.009387851128908e-12,0.0,0.2423023283481598,0.016905389726161957

58820.61253173602,-0.004843193604778244,212,0.5730596797093312,-2.009387869295991e-12,0.0,0.39705899357795715,0.01635710522532463

58831.08409449567,-0.010927231389323383,244,2.9215371455393324,-2.009387831891274e-12,0.0,0.09412924945354462,0.016402414068579674

58854.887332546736,-0.01530207611082067,300,0.6724510370759162,-2.0093878700385074e-12,0.0,0.2950069308280945,0.01489030197262764

58859.49208996354,-0.01848848224209996,206,2.0650517740250507,-2.0093878662744334e-12,0.0,0.1631101667881012,0.020394381135702133

58886.23915158893,-0.035418335625232014,264,1.2401891069657722,-2.0093878896002546e-12,0.0,0.2505163848400116,0.01768030971288681

58893.75257975946,-0.03960124448606904,307,1.119485375511431,-2.0093878718651456e-12,0.0,0.2682799696922302,0.015538796782493591

58896.66003732695,-0.04062427955620611,339,2.5023169314408733,-2.0093878406289376e-12,0.0,0.1454239934682846,0.014772648923099041

58901.27291533992,-0.047685784991614695,380,2.96208639838369,-2.0093878602231496e-12,0.0,0.11077965050935745,0.01398503314703703

58925.096670907085,-0.05439000176975957,244,2.707502630983072,-2.0093878732765532e-12,0.0,0.1023826152086258,0.017364243045449257

58928.00472359435,-0.05598632382344186,242,2.1460201082845742,-2.0093878453516567e-12,0.0,0.11918393522500992,0.017271684482693672

58935.538903401524,-0.06022807776914007,242,1.112424001803447,-2.0093878607867762e-12,0.0,0.31642746925354004,0.01836179755628109

58938.44662234106,-0.08147473124668886,236,3.0002661333128344,-2.0093878696887078e-12,0.0,0.13797223567962646,0.01892680674791336

58945.99520160234,-0.06773840948181567,301,2.631542770359374,-2.009387868987424e-12,0.0,0.1359718292951584,0.01541711762547493

58925.096670907085,-0.05439000176975957,244,2.707502630983072,-2.0093878732765532e-12,0.0,0.1023826152086258,0.017364243045449257

58928.00472359435,-0.05598632382344186,242,2.1460201082845742,-2.0093878453516567e-12,0.0,0.11918393522500992,0.017271684482693672

58935.538903401524,-0.06022807776914007,242,1.112424001803447,-2.0093878607867762e-12,0.0,0.31642746925354004,0.01836179755628109

58938.44662234106,-0.08147473124668886,236,3.0002661333128344,-2.0093878696887078e-12,0.0,0.13797223567962646,0.01892680674791336

58945.99520160234,-0.06773840948181567,301,2.631542770359374,-2.009387868987424e-12,0.0,0.1359718292951584,0.01541711762547493

58953.51369293717,-0.07526380518412448,331,1.983741100275438,-2.009387877561433e-12,0.0,0.14488661289215088,0.015210198238492012

58956.41032677597,-0.07547370787484002,372,0.5546580084114794,-2.009387850076486e-12,0.0,0.4963046908378601,0.015718555077910423

58959.3396656716,-0.07815796901011576,326,3.1128780619837926,-2.0093878741421856e-12,0.0,0.17565439641475677,0.01633116602897644

58963.97082881535,-0.08174488577087335,294,2.729961465774977,-2.0093878800296513e-12,0.0,0.1172441765666008,0.017423046752810478

58966.879995391646,-0.07681042975066832,293,0.8791717931444509,-2.0093878573410366e-12,0.0,0.2938900291919708,0.016520744189620018

58977.32366478535,-0.0860241405859865,214,1.9627935898824944,-2.0093878640297516e-12,0.0,0.1743428260087967,0.01874087005853653

58980.231269082775,-0.09287545259374407,232,3.033594282442209,-2.0093878235739266e-12,0.0,0.1153273805975914,0.01757899299263954

58984.874597194794,-0.0951833863064251,212,2.579365911969944,-2.009387877238564e-12,0.0,0.11304336041212082,0.017293354496359825

58987.7678564359,-0.09471468806862463,204,2.4904019824134593,-2.0093878579123818e-12,0.0,0.12688346207141876,0.017019914463162422

58990.67291078315,-0.09945098303215995,227,2.7277025083094486,-2.009387877116427e-12,0.0,0.14619243144989014,0.016661884263157845

58998.20593456199,-0.1025202835926125,287,2.899753042129305,-2.0093878680984615e-12,0.0,0.11538971960544586,0.017464501783251762

59001.113336670765,-0.10740157505257546,336,2.4686147526153945,-2.0093878648410635e-12,0.0,0.140512153506279,0.015919344499707222

59008.654734917705,-0.10977089906603624,372,3.0582631893594225,-2.0093878638375407e-12,0.0,0.09448099136352539,0.014501521363854408

59011.56455131729,-0.10977502726690323,343,2.746292295796593,-2.0093879016241976e-12,0.0,0.12197000533342361,0.016106080263853073

59022.01438807773,-0.11791467889730707,239,2.0446036330667994,-2.0093878333579595e-12,0.0,0.10749433189630508,0.015967542305588722

59029.55153449213,-0.1217773495281965,214,1.0611569223328843,-2.009387930015833e-12,0.0,0.24601025879383087,0.016123885288834572

59032.876077142966,-0.12972720470154323,184,2.208511347134845,-2.0093878898544628e-12,0.0,0.14377127587795258,0.018672658130526543

59042.89949849035,-0.14508655132507015,253,2.2381274789040617,-2.009387882214193e-12,0.0,0.11025643348693848,0.017106790095567703

59047.530410610176,-0.15305005173038622,272,2.3083877920271334,-2.0093878422898985e-12,0.0,0.10968179255723953,0.016449226066470146

59050.43186406949,-0.15637887949844465,294,1.900610300253902,-2.0093878737146903e-12,0.0,0.14732466638088226,0.01603217050433159

59053.33908478214,-0.16165648460744342,339,0.7981360283793038,-2.0093878433051133e-12,0.0,0.2780640125274658,0.01536940224468708

59057.96727322523,-0.17140915545216381,389,1.9361553427188483,-2.009387854208679e-12,0.0,0.11282824724912643,0.013946478255093098

59060.87481308911,-0.17436013569674863,369,0.6047881129234156,-2.009387855096579e-12,0.0,0.25875765085220337,0.01329377293586731

59063.788748389685,-0.18071602443903514,328,1.3802792864225921,-2.009387856349403e-12,0.0,0.20326901972293854,0.015385209582746029

59068.42140871366,-0.19129541772192923,286,1.7583684552846535,-2.0093878255072606e-12,0.0,0.15367089211940765,0.01591145619750023

59071.33305185306,-0.19478922748960695,267,1.805444611591156,-2.0093878491348213e-12,0.0,0.15871357917785645,0.015922322869300842

59089.31427959686,-0.20513748623869707,219,2.7345151920599164,-2.00938787772742e-12,0.0,0.11023271828889847,0.017834249883890152

59093.022033394955,-0.20640563378477644,177,1.5439539424733084,-2.0093878908564035e-12,0.0,0.17933812737464905,0.01854698732495308

59095.126801297476,-0.20716305284615077,251,0.6638986604912134,-2.009387843320852e-12,0.0,0.311434268951416,0.01659921184182167

59099.77725777859,-0.2067639539932365,197,1.6821033455016732,-2.0093878528532615e-12,0.0,0.18928825855255127,0.01899033784866333

59102.677022963544,-0.20697686800422183,312,1.2893390533008642,-2.009387854310806e-12,0.0,0.1726939082145691,0.015270328149199486

59105.58087656016,-0.2097257879962637,337,1.0520357562882054,-2.009387811561031e-12,0.0,0.2039375901222229,0.014136671088635921

59110.20491438428,-0.21109527418447271,391,2.918293091624946,-2.009387863344316e-12,0.0,0.07576800137758255,0.013498093001544476

59113.11213265838,-0.2124431809073202,410,0.7297403215034137,-2.0093878483406964e-12,0.0,0.2739602029323578,0.012698874808847904

59116.02432682736,-0.2143076120872021,356,1.3086557260066911,-2.0093878430887333e-12,0.0,0.17965847253799438,0.013964089564979076

59123.56130712752,-0.21757388832032448,288,1.9358908787125984,-2.0093878544322976e-12,0.0,0.13005179166793823,0.015635449439287186

59126.475873638105,-0.22170579245507296,255,3.331031166453613,-2.0093878806517456e-12,0.0,0.1067608967423439,0.016853921115398407

59134.01068646394,-0.22432037901569096,276,1.6368731792226754,-2.009387864751828e-12,0.0,0.12708786129951477,0.01534116268157959

59136.91837924131,-0.2262844616179678,258,2.036739772393048,-2.009387880455344e-12,0.0,0.17125658690929413,0.016071517020463943

59172.88904217266,-0.22962583508268752,230,1.9686214614011988,-2.009387862596825e-12,0.0,0.23310016095638275,0.017447348684072495

59175.797905832755,-0.2280262164106549,247,1.012678225720265,-2.0093878732332854e-12,0.0,0.31779611110687256,0.016175223514437675

59178.72508681281,-0.22699064558911478,210,2.2465883375843987,-2.0093878801034457e-12,0.0,0.15610042214393616,0.017739083617925644

59186.243687606526,-0.2277830197711616,218,1.4211417465048726,-2.00938780961748e-12,0.0,0.19694866240024567,0.016247307881712914

59189.15497749053,-0.22982396005823683,192,2.1337783095987106,-2.0093878632838095e-12,0.0,0.13929907977581024,0.01764710806310177

59193.79306308681,-0.23471683942149854,239,2.4645464691275265,-2.0093878103176456e-12,0.0,0.11554799228906631,0.01570056565105915

59196.696872437926,-0.23132445099847632,238,3.957899536999321,-2.0093878402002166e-12,0.0,0.12237239629030228,0.015970319509506226

59217.5822752088,-0.24080001917190838,361,1.276721803833425,-2.0093878609359814e-12,0.0,0.2202339619398117,0.013306439854204655

59220.49320651282,-0.24224144304978795,365,1.0437855735290213,-2.009387862931887e-12,0.0,0.2148045003414154,0.013228326104581356

59225.12162158097,-0.24567154797437812,285,2.9658232847395993,-2.0093878244042205e-12,0.0,0.10795576125383377,0.016466092318296432

59248.92300026914,-0.25457985641929176,244,3.163162318742252,-2.00938792259056e-12,0.0,0.11696194857358932,0.01698482409119606

59262.27447061972,-0.2672205125179312,289,1.7172007460430905,-2.0093878711528005e-12,0.0,0.15319609642028809,0.016667533665895462

59269.81447644705,-0.2712200417876025,404,2.1007434725106577,-3.414217579085046e-15,0.0,0.10045456141233444,0.013958907686173916

59272.74417583323,-0.2754268156640822,358,1.8643854104993807,-2.6081031602025556e-20,0.0,0.17961515486240387,0.014891033060848713

59280.25977542269,-0.2791053456261456,271,1.990429581155695,-1.2663901518236932e-20,0.0,0.12530215084552765,0.016754910349845886

59283.169139816855,-0.28424074833327106,242,2.545636164086318,4.479879065359557e-21,0.0,0.13467516005039215,0.018692167475819588

59290.73363955516,-0.2844635336980092,250,3.591599408991897,-6.304911528990963e-21,0.0,0.10865838080644608,0.017392486333847046

59293.64141138223,-0.28277410459137037,224,1.5737020930828294,9.060268972426356e-21,0.0,0.21089030802249908,0.01758173480629921

59298.26730750662,-0.2816698910517669,237,2.814775825754623,2.1993910997229542e-20,0.0,0.10351665318012238,0.01720776967704296

59301.174962857185,-0.27947634449727765,244,2.230494260402338,9.776874116885655e-21,0.0,0.11095048487186432,0.016507785767316818

59311.61520791183,-0.2814720396339866,271,1.3388100228439725,2.121643851890776e-21,0.0,0.2194533795118332,0.016407683491706848

59314.52233514295,-0.27931794579174835,282,1.147636936593699,-5.598169517983918e-21,0.0,0.21332669258117676,0.016209997236728668

59319.14730049955,-0.2785401692689842,321,2.7240940880801645,6.167451439692333e-21,0.0,0.08438942581415176,0.015767937526106834

59322.05479867609,-0.27785398788103055,370,2.220954371523476,1.3472002757478199e-20,0.0,0.10117428749799728,0.014286037534475327

59324.950162063076,-0.2807807684053671,364,2.868310104986449,-1.0539090749543645e-20,0.0,0.11977474391460419,0.014276252128183842

59366.75431661178,-0.26995566831066636,263,1.8434430160141346,1.2771016078403582e-20,0.0,0.19118474423885345,0.01736050844192505

59371.36707261021,-0.26964143832809817,330,2.4007292154237803,-5.5094589607243686e-21,0.0,0.11124161630868912,0.015636904165148735

59374.27437425091,-0.26826443609636896,245,0.7853353878317648,-5.708731392639389e-21,0.0,0.2987348437309265,0.017745697870850563

59377.1830903163,-0.26918142466132206,368,2.4173289148166077,2.183195962336768e-20,0.0,0.11660666018724442,0.015254990197718143

59384.72895948739,-0.27015112205823033,313,2.178526727902863,-1.0384433736699508e-20,0.0,0.11288022994995117,0.016434090211987495

59395.18069765731,-0.273666431933072,219,2.3288667705401167,2.6383983858295034e-21,0.0,0.162590891122818,0.01649061217904091

59416.059189532316,-0.2909560327908162,286,6.433687644857855,2.5235887104825357e-20,0.0,0.09858951717615128,0.0166859719902277

59439.86692518639,-0.29794530337699504,287,2.660802067566692,-1.020315141198092e-20,0.0,0.12508177757263184,0.01598474569618702

59454.95739389413,-0.30057249029613015,259,2.5226583488802135,5.410447912843717e-21,0.0,0.09984815865755081,0.01632450334727764

59481.65265852914,-0.2604079476443536,365,2.8584904043782444,2.39000662023972e-20,0.0,0.11959143728017807,0.014263848774135113

59510.11561752053,-0.24302564657523257,256,1.835170309050227,-1.4384814169020558e-20,0.0,0.19191531836986542,0.016750292852520943

59520.577181071574,-0.24884712741782916,235,1.5424703292410413,-3.0973761490129937e-22,0.0,0.15429718792438507,0.0159379281103611

59523.480406487266,-0.2501706470854679,257,1.477720985576525,-2.9891462297373192e-21,0.0,0.21991071105003357,0.015107274055480957

59555.00315146146,-0.26129329063121937,184,1.4422329286389868,6.028163610869292e-12,0.0,0.23942969739437103,0.017869357019662857

59559.44415377709,-0.2531055155077054,185,1.3892758943256922,6.028163625780167e-12,0.0,0.21593967080116272,0.017616868019104004

59562.35276863482,-0.2467213569108142,179,0.9191435168531825,6.028163556848988e-12,0.0,0.3188190758228302,0.019522307440638542

59565.23759378083,-0.24039533774425761,233,0.861874340785107,6.028163587430375e-12,0.0,0.30905213952064514,0.01614934764802456

59569.86256598625,-0.22915406720283088,140,1.8658990086350968,6.0281635767085356e-12,0.0,0.2493899017572403,0.02193385921418667

59572.76950480275,-0.221742485575904,247,0.8861169220608645,6.028163564583022e-12,0.0,0.3030336797237396,0.01638334058225155

59575.6762864441,-0.2132501805317948,277,0.608277161973092,6.028163581553687e-12,0.0,0.3401678502559662,0.015390811488032341

59583.22434797947,-0.2115402663516854,354,1.7053730516636278,6.028163592148571e-12,0.0,0.08481423556804657,0.01440738607198

59586.12457545965,-0.20275743145342476,355,1.2624607848010783,6.028163596719956e-12,0.0,0.2942136526107788,0.01447394397109747

59590.7525737157,-0.2092962273910678,342,2.0977003600819444,-2.2773062319833895e-12,0.0,0.10841098427772522,0.014827266335487366

59593.66165727709,-0.2071291635658776,300,3.2587826126473374,-2.2773062357564866e-12,0.0,0.10055191069841385,0.01658742129802704

59604.10680716483,-0.2178421274720238,241,2.950455950667674,-2.27730626221428e-12,0.0,0.10976174473762512,0.017689378932118416

59614.57665851139,-0.22658193538044616,223,1.596008871729282,-2.2773062279404158e-12,0.0,0.15373077988624573,0.01737295091152191

59625.00188601855,-0.232993056448743,241,1.754713849777545,1.7239853406767128e-20,0.0,0.15943002700805664,0.016999244689941406

59627.9091899013,-0.22791889941430402,277,0.9908034570571544,-1.3212247393735618e-20,0.0,0.24217957258224487,0.015784546732902527

59632.537778921156,-0.2159364653787016,338,3.593945052671188,1.4317457586400235e-20,0.0,0.09434326738119125,0.014804758131504059

59635.44651799465,-0.21963429077613938,326,4.000907267709408,1.646449230665475e-20,0.0,0.13082702457904816,0.015994129702448845

59648.8005183518,-0.22405996237459588,256,1.5646115514300618,4.11113540208441e-21,0.0,0.22802729904651642,0.01877925731241703

59687.69707696,-0.20898587943511518,285,2.0362625718917116,-2.2076564300378767e-20,0.0,0.21903027594089508,0.016561521217226982

59701.04755327706,-0.2136903032044036,295,1.881616924492846,-1.0213612424458348e-20,0.0,0.1770499050617218,0.01682398095726967

59705.674808570344,-0.20963763111303532,264,1.666771538566536,1.2957387001913025e-20,0.0,0.1873691976070404,0.01697663404047489

59708.583731851686,-0.20353988109660218,255,0.9069971440567315,2.8246238114482632e-21,0.0,0.3099079132080078,0.016762638464570045

59711.49060109837,-0.20419313640592557,237,2.2417168565880274,-8.722046304850361e-23,0.0,0.1343291997909546,0.017004255205392838

59719.019664117186,-0.20848139406443758,209,1.3931575892911496,2.381612428169282e-20,0.0,0.17273609340190887,0.017319072037935257

59732.36739968887,-0.21548865341997517,249,1.608368904726376,-2.0417295980540783e-20,0.0,0.21420399844646454,0.01603291742503643

